Timestamp,Close
2011-12-31,4.4825
2012-01-01,4.806666666666667
2012-01-02,5.0
2012-01-03,5.2525
2012-01-04,5.223333333333334
2012-01-05,6.286190476190477
2012-01-06,6.444999999999999
2012-01-07,6.8
2012-01-08,6.95
2012-01-09,6.581666666666665
2012-01-10,6.602999999999999
2012-01-11,7.121874999999993
2012-01-12,7.062499999999999
2012-01-13,6.9603125000000015
2012-01-14,6.409999999999999
2012-01-15,7.15
2012-01-16,6.714285714285715
2012-01-17,6.141666666666667
2012-01-18,6.244722222222221
2012-01-19,6.225714285714285
2012-01-20,6.834999999999999
2012-01-21,6.386
2012-01-22,6.485
2012-01-23,6.4075
2012-01-24,6.495555555555554
2012-01-25,6.281944444444445
2012-01-26,6.184999999999999
2012-01-27,5.65142857142857
2012-01-28,4.91
2012-01-29,5.696
2012-01-30,5.544999999999999
2012-01-31,5.619024390243903
2012-02-01,5.78875
2012-02-02,6.170877192982452
2012-02-03,6.204814814814813
2012-02-04,6.095625
2012-02-05,5.839166666666667
2012-02-06,5.52625
2012-02-07,5.672000000000001
2012-02-08,5.743333333333333
2012-02-09,5.7835714285714275
2012-02-10,5.876923076923076
2012-02-11,5.605
2012-02-12,5.637499999999999
2012-02-13,5.648181818181818
2012-02-14,5.193030303030302
2012-02-15,4.945263157894737
2012-02-16,4.575588235294118
2012-02-17,4.690937499999999
2012-02-18,4.397692307692308
2012-02-19,4.331666666666666
2012-02-20,4.560714285714287
2012-02-21,4.483437500000001
2012-02-22,4.542222222222223
2012-02-23,4.89095238095238
2012-02-24,5.133000000000001
2012-02-25,5.038571428571428
2012-02-26,4.9542857142857155
2012-02-27,5.049615384615383
2012-02-28,4.991428571428572
2012-02-29,4.952499999999999
2012-03-01,5.002666666666667
2012-03-02,4.762352941176471
2012-03-03,4.756666666666667
2012-03-04,4.793333333333333
2012-03-05,4.949268292682929
2012-03-06,4.996521739130434
2012-03-07,5.060344827586209
2012-03-08,4.972631578947369
2012-03-09,5.011666666666668
2012-03-10,4.913333333333334
2012-03-11,4.926666666666667
2012-03-12,4.9590000000000005
2012-03-13,5.072500000000001
2012-03-14,5.375384615384614
2012-03-15,5.3374999999999995
2012-03-16,5.34076923076923
2012-03-17,5.402222222222223
2012-03-18,5.320000000000001
2012-03-19,5.110399999999999
2012-03-20,4.910416666666666
2012-03-21,4.936666666666667
2012-03-22,4.877083333333334
2012-03-23,4.74875
2012-03-24,4.731428571428571
2012-03-25,4.642
2012-03-26,4.626666666666667
2012-03-27,4.785686274509804
2012-03-28,4.895000000000002
2012-03-29,4.828
2012-03-30,4.838571428571428
2012-03-31,4.909166666666667
2012-04-01,4.816470588235294
2012-04-02,4.932727272727273
2012-04-03,4.968666666666667
2012-04-04,4.936190476190477
2012-04-05,4.958571428571429
2012-04-06,4.923333333333334
2012-04-07,4.826428571428572
2012-04-08,4.769333333333333
2012-04-09,4.799090909090909
2012-04-10,4.822307692307691
2012-04-11,4.868181818181819
2012-04-12,4.843421052631579
2012-04-13,4.896666666666666
2012-04-14,4.976666666666667
2012-04-15,4.957272727272728
2012-04-16,4.96047619047619
2012-04-17,4.986875
2012-04-18,5.095128205128204
2012-04-19,5.12735294117647
2012-04-20,5.180000000000001
2012-04-21,5.291818181818182
2012-04-22,5.2092857142857145
2012-04-23,5.158437500000002
2012-04-24,5.08951612903226
2012-04-25,5.042558139534883
2012-04-26,5.029687499999999
2012-04-27,5.026315789473686
2012-04-28,4.946111111111112
2012-04-29,4.902857142857143
2012-04-30,4.950740740740741
2012-05-01,4.967999999999998
2012-05-02,5.0848
2012-05-03,5.104838709677418
2012-05-04,5.105319148936172
2012-05-05,5.065
2012-05-06,5.062413793103447
2012-05-07,5.035000000000002
2012-05-08,5.044117647058824
2012-05-09,5.040689655172415
2012-05-10,4.9904545454545435
2012-05-11,4.926800000000002
2012-05-12,4.945
2012-05-13,4.9433333333333325
2012-05-14,4.925833333333333
2012-05-15,4.962499999999999
2012-05-16,5.016875000000001
2012-05-17,5.0226923076923065
2012-05-18,5.05
2012-05-19,5.064166666666666
2012-05-20,5.05
2012-05-21,5.048095238095239
2012-05-22,5.049583333333332
2012-05-23,5.0704
2012-05-24,5.091470588235295
2012-05-25,5.089375000000001
2012-05-26,5.077692307692308
2012-05-27,5.050740740740741
2012-05-28,5.077857142857141
2012-05-29,5.0640540540540595
2012-05-30,5.113142857142856
2012-05-31,5.135306122448977
2012-06-01,5.206200000000001
2012-06-02,5.1899999999999995
2012-06-03,5.1937500000000005
2012-06-04,5.188571428571431
2012-06-05,5.355809523809526
2012-06-06,5.419999999999998
2012-06-07,5.463571428571428
2012-06-08,5.586923076923079
2012-06-09,5.567083333333334
2012-06-10,5.487058823529411
2012-06-11,5.500000000000001
2012-06-12,5.8034042553191405
2012-06-13,5.891809523809527
2012-06-14,5.842586206896554
2012-06-15,5.9141176470588235
2012-06-16,6.398888888888887
2012-06-17,6.272615384615383
2012-06-18,6.1624615384615415
2012-06-19,6.397037037037038
2012-06-20,6.539693877551018
2012-06-21,6.657777777777775
2012-06-22,6.598243243243243
2012-06-23,6.493260869565217
2012-06-24,6.384736842105264
2012-06-25,6.23933333333333
2012-06-26,6.345299145299146
2012-06-27,6.5247794117647
2012-06-28,6.384218749999999
2012-06-29,6.556911764705882
2012-06-30,6.5702941176470615
2012-07-01,6.568846153846153
2012-07-02,6.607654320987654
2012-07-03,6.5617977528089915
2012-07-04,6.495342465753426
2012-07-05,6.622285714285715
2012-07-06,6.548800000000001
2012-07-07,6.6701351351351335
2012-07-08,6.674727272727271
2012-07-09,6.808876404494377
2012-07-10,7.035514018691586
2012-07-11,7.108214285714285
2012-07-12,7.19514705882353
2012-07-13,7.589468085106384
2012-07-14,7.527857142857143
2012-07-15,7.497037037037036
2012-07-16,7.687823129251698
2012-07-17,8.24989583333334
2012-07-18,8.810194805194788
2012-07-19,9.043207547169812
2012-07-20,8.227131147540986
2012-07-21,8.71769230769231
2012-07-22,8.630540540540538
2012-07-23,8.62328
2012-07-24,8.594516129032261
2012-07-25,8.481585365853654
2012-07-26,8.623088235294116
2012-07-27,8.850377358490562
2012-07-28,8.89
2012-07-29,8.735555555555557
2012-07-30,8.777346938775507
2012-07-31,9.199882352941179
2012-08-01,9.352747252747259
2012-08-02,9.690875912408758
2012-08-03,10.742677165354332
2012-08-04,10.9112
2012-08-05,10.477234042553194
2012-08-06,10.779848484848483
2012-08-07,10.785862068965514
2012-08-08,10.887699115044246
2012-08-09,11.234113475177315
2012-08-10,11.178199999999993
2012-08-11,11.321794871794872
2012-08-12,11.455675675675671
2012-08-13,11.668740157480318
2012-08-14,12.028709677419346
2012-08-15,12.551791044776127
2012-08-16,13.32509316770189
2012-08-17,14.162692307692298
2012-08-18,11.834000000000003
2012-08-19,9.256551724137934
2012-08-20,9.248741721854307
2012-08-21,10.155707070707077
2012-08-22,10.169687500000014
2012-08-23,9.994499999999997
2012-08-24,10.11897435897436
2012-08-25,10.39891304347826
2012-08-26,10.512631578947364
2012-08-27,11.292033898305078
2012-08-28,10.942841530054638
2012-08-29,10.82715277777777
2012-08-30,10.750181818181819
2012-08-31,10.34569343065693
2012-09-01,10.01741935483871
2012-09-02,9.959836065573764
2012-09-03,10.234033613445373
2012-09-04,10.316960784313727
2012-09-05,10.472637362637357
2012-09-06,10.863674698795181
2012-09-07,11.013076923076913
2012-09-08,10.870483870967744
2012-09-09,10.92126984126984
2012-09-10,10.907627118644072
2012-09-11,10.887991266375558
2012-09-12,11.03184713375794
2012-09-13,11.228396226415096
2012-09-14,11.420899999999996
2012-09-15,11.566349206349209
2012-09-16,11.646704545454538
2012-09-17,11.751774193548384
2012-09-18,11.872889908256893
2012-09-19,12.309134615384624
2012-09-20,12.429866666666673
2012-09-21,12.192148760330571
2012-09-22,12.085897435897433
2012-09-23,11.916969696969709
2012-09-24,11.882303030303063
2012-09-25,11.88919075144507
2012-09-26,12.000000000000005
2012-09-27,12.11782945736435
2012-09-28,12.110095238095244
2012-09-29,12.214328358208967
2012-09-30,12.19181818181818
2012-10-01,12.113083333333352
2012-10-02,12.399315789473693
2012-10-03,12.759499999999987
2012-10-04,12.737865853658526
2012-10-05,12.471780821917813
2012-10-06,12.392886597938125
2012-10-07,11.961428571428568
2012-10-08,11.082924901185761
2012-10-09,11.921184210526318
2012-10-10,11.982260869565218
2012-10-11,11.876860465116287
2012-10-12,11.99771739130435
2012-10-13,11.916216216216213
2012-10-14,11.842142857142855
2012-10-15,11.516418604651165
2012-10-16,11.658271604938266
2012-10-17,11.727234042553192
2012-10-18,11.788750000000011
2012-10-19,11.70636942675162
2012-10-20,11.611515151515148
2012-10-21,11.46859649122807
2012-10-22,11.479296875000005
2012-10-23,11.549136690647495
2012-10-24,11.401666666666678
2012-10-25,10.998976377952742
2012-10-26,10.231666666666667
2012-10-27,10.23765151515152
2012-10-28,10.522045454545456
2012-10-29,10.630253164556965
2012-10-30,10.700621468926562
2012-10-31,10.826544502617805
2012-11-01,10.926283185840706
2012-11-02,10.720578947368427
2012-11-03,10.580314960629934
2012-11-04,10.524720000000004
2012-11-05,10.665957446808504
2012-11-06,10.670529801324507
2012-11-07,10.714435146443511
2012-11-08,10.609299363057312
2012-11-09,10.79092783505153
2012-11-10,10.780727272727272
2012-11-11,10.750425531914894
2012-11-12,10.84473214285714
2012-11-13,10.900677966101693
2012-11-14,10.904868421052633
2012-11-15,10.967750000000006
2012-11-16,11.207268722466956
2012-11-17,11.526724137931042
2012-11-18,11.546393442622954
2012-11-19,11.486235955056161
2012-11-20,11.605812500000017
2012-11-21,11.5790076335878
2012-11-22,11.812046332046327
2012-11-23,12.037903225806442
2012-11-24,12.169857142857143
2012-11-25,12.292531645569625
2012-11-26,12.255789473684219
2012-11-27,12.0266923076923
2012-11-28,12.174661016949166
2012-11-29,12.318035714285715
2012-11-30,12.367520661157037
2012-12-01,12.4
2012-12-02,12.390634920634925
2012-12-03,12.451716417910456
2012-12-04,12.711355932203398
2012-12-05,13.121458333333335
2012-12-06,13.336428571428579
2012-12-07,13.350062500000007
2012-12-08,13.346956521739129
2012-12-09,13.235119047619037
2012-12-10,13.280197368421058
2012-12-11,13.327867647058833
2012-12-12,13.39421348314606
2012-12-13,13.422167487684744
2012-12-14,13.606902173913033
2012-12-15,13.371632653061218
2012-12-16,13.343508771929818
2012-12-17,13.082716049382714
2012-12-18,13.065647058823531
2012-12-19,13.2058282208589
2012-12-20,13.324247787610624
2012-12-21,13.309215686274507
2012-12-22,13.237321428571429
2012-12-23,13.157399999999997
2012-12-24,13.12706666666667
2012-12-25,13.161071428571434
2012-12-26,13.118026315789464
2012-12-27,13.098193548387103
2012-12-28,13.168903225806465
2012-12-29,13.217500000000008
2012-12-30,13.216315789473681
2012-12-31,13.196756756756757
2013-01-01,13.075490196078436
2013-01-02,13.120505050505047
2013-01-03,13.147086614173231
2013-01-04,13.15392000000002
2013-01-05,13.139622641509444
2013-01-06,13.105789473684208
2013-01-07,13.158253012048197
2013-01-08,13.32774891774888
2013-01-09,13.466593406593384
2013-01-10,13.779298245614047
2013-01-11,13.970598290598286
2013-01-12,13.972823529411762
2013-01-13,13.779210526315795
2013-01-14,13.922738853503184
2013-01-15,14.130000000000004
2013-01-16,14.400061349693264
2013-01-17,15.008012820512812
2013-01-18,15.482333333333333
2013-01-19,15.434186046511632
2013-01-20,15.530340909090908
2013-01-21,16.23912698412699
2013-01-22,17.12696517412934
2013-01-23,17.273167701863336
2013-01-24,17.915421052631586
2013-01-25,17.114957264957255
2013-01-26,17.0787786259542
2013-01-27,17.461899999999993
2013-01-28,18.049949999999985
2013-01-29,19.177402597402615
2013-01-30,19.18933333333334
2013-01-31,20.230083333333326
2013-02-01,20.563160919540227
2013-02-02,19.83842696629214
2013-02-03,20.16427272727272
2013-02-04,20.39298245614035
2013-02-05,20.392142857142865
2013-02-06,20.790569620253184
2013-02-07,21.349352941176473
2013-02-08,22.284135802469123
2013-02-09,22.89021897810218
2013-02-10,23.327435897435873
2013-02-11,23.65395061728394
2013-02-12,25.002358208955247
2013-02-13,25.548564593301403
2013-02-14,25.80757763975154
2013-02-15,27.158851674641166
2013-02-16,27.238090452261297
2013-02-17,26.658672199170102
2013-02-18,26.735727272727253
2013-02-19,28.185443925233653
2013-02-20,29.68678160919537
2013-02-21,29.899888888888878
2013-02-22,30.602880886426583
2013-02-23,29.032073170731696
2013-02-24,29.754390243902446
2013-02-25,30.158024691358023
2013-02-26,31.064842406876814
2013-02-27,31.266022727272727
2013-02-28,33.379266802443986
2013-03-01,34.1327112676056
2013-03-02,34.15685714285713
2013-03-03,34.15785185185184
2013-03-04,35.587703488372085
2013-03-05,39.724273318872065
2013-03-06,46.34009132420092
2013-03-07,41.978521341463356
2013-03-08,43.042568807339414
2013-03-09,44.61705882352939
2013-03-10,46.28819999999999
2013-03-11,47.440173913043424
2013-03-12,44.30859154929581
2013-03-13,46.231685082872986
2013-03-14,47.35914489311165
2013-03-15,47.11179824561403
2013-03-16,46.783099415204646
2013-03-17,46.98492146596862
2013-03-18,47.785558912386755
2013-03-19,55.08628111273793
2013-03-20,62.48563291139246
2013-03-21,70.29270655270646
2013-03-22,71.42394827586207
2013-03-23,63.720150375939866
2013-03-24,68.62238461538456
2013-03-25,73.5583033932135
2013-03-26,79.06516579406626
2013-03-27,86.76164885496182
2013-03-28,92.13567267683773
2013-03-29,90.2865250965254
2013-03-30,92.47846441947559
2013-03-31,94.12362711864417
2013-04-01,100.42590990990988
2013-04-02,109.47054616384884
2013-04-03,130.98464193270067
2013-04-04,132.97698072805122
2013-04-05,139.45498224852082
2013-04-06,142.0848069498071
2013-04-07,153.42254495159062
2013-04-08,182.57735581188976
2013-04-09,211.4279813084108
2013-04-10,207.00999171499575
2013-04-11,124.63103117505959
2013-04-12,77.3289166017147
2013-04-13,103.42860524091279
2013-04-14,95.96482558139539
2013-04-15,90.62008718395833
2013-04-16,65.4849301242236
2013-04-17,81.96306893995553
2013-04-18,94.53620345140767
2013-04-19,117.1145512820511
2013-04-20,121.65223711340211
2013-04-21,120.80286544046456
2013-04-22,120.82383825417202
2013-04-23,129.55139814814837
2013-04-24,146.4382629870129
2013-04-25,150.37189068100358
2013-04-26,134.7027604976673
2013-04-27,134.09394563426667
2013-04-28,133.4127910817505
2013-04-29,140.54650510204067
2013-04-30,141.57126050420155
2013-05-01,128.4855826351867
2013-05-02,112.24058475203559
2013-05-03,94.03971509971497
2013-05-04,104.42798001427539
2013-05-05,114.29365942028983
2013-05-06,118.7280766449744
2013-05-07,107.78438016528924
2013-05-08,113.03963662790696
2013-05-09,111.61363557105474
2013-05-10,116.08285338015793
2013-05-11,116.02961799660427
2013-05-12,115.43666041275806
2013-05-13,116.1980777310927
2013-05-14,115.75031409788147
2013-05-15,109.66833078101058
2013-05-16,110.87188318227602
2013-05-17,114.82587196468012
2013-05-18,117.60915139826437
2013-05-19,117.88888888888914
2013-05-20,117.62886194029853
2013-05-21,117.82222072678333
2013-05-22,118.50310704960809
2013-05-23,120.51675304878036
2013-05-24,125.81737500000038
2013-05-25,128.63980659025782
2013-05-26,129.37435816164847
2013-05-27,129.3339529220777
2013-05-28,125.91228869895535
2013-05-29,127.59247524752465
2013-05-30,129.2888431677017
2013-05-31,127.76274635036518
2013-06-01,128.23926638176638
2013-06-02,123.32612121212118
2013-06-03,120.16361860465126
2013-06-04,121.6373438801
2013-06-05,120.72163934426233
2013-06-06,120.15446078431364
2013-06-07,113.99854489164102
2013-06-08,109.65256110520725
2013-06-09,99.4485025945144
2013-06-10,102.61318047337284
2013-06-11,106.20945142857167
2013-06-12,107.92851562499992
2013-06-13,106.0958894878707
2013-06-14,100.38488501189545
2013-06-15,99.87995798319326
2013-06-16,99.95940329218107
2013-06-17,100.16680751173715
2013-06-18,104.49613588110401
2013-06-19,105.55059829059839
2013-06-20,106.011024590164
2013-06-21,101.75653764954234
2013-06-22,100.55388771929857
2013-06-23,99.98675202156328
2013-06-24,98.87031980319794
2013-06-25,99.50060646900288
2013-06-26,98.58785326086975
2013-06-27,97.92279999999973
2013-06-28,91.66997050147496
2013-06-29,89.58468085106365
2013-06-30,89.09176733780771
2013-07-01,86.77742459396751
2013-07-02,86.14851239669429
2013-07-03,84.36934046345809
2013-07-04,77.8421975992615
2013-07-05,72.0569616519173
2013-07-06,67.0561421319797
2013-07-07,67.82948717948724
2013-07-08,74.06986602870799
2013-07-09,73.71099887766565
2013-07-10,78.21641870350679
2013-07-11,86.08457171314743
2013-07-12,92.33598710717166
2013-07-13,89.41527417746755
2013-07-14,91.80016646848989
2013-07-15,92.49378536585365
2013-07-16,92.60641325536044
2013-07-17,91.24024261603381
2013-07-18,83.8312825458052
2013-07-19,84.81500630517031
2013-07-20,86.23266165413536
2013-07-21,85.25835913312689
2013-07-22,86.08734837799724
2013-07-23,86.58628177966105
2013-07-24,87.48646432374866
2013-07-25,89.21250542299357
2013-07-26,90.24708830548938
2013-07-27,88.88000000000005
2013-07-28,89.90453592814374
2013-07-29,92.70633649932164
2013-07-30,94.30589167767488
2013-07-31,98.92351747463367
2013-08-01,97.2976666666666
2013-08-02,96.88695344129557
2013-08-03,95.9115506329115
2013-08-04,96.21762886597921
2013-08-05,97.59871232876708
2013-08-06,98.05684350132614
2013-08-07,97.61411633109626
2013-08-08,95.07486486486472
2013-08-09,93.462164102564
2013-08-10,93.11533453887886
2013-08-11,93.8369230769231
2013-08-12,94.1590163934428
2013-08-13,96.0641122565863
2013-08-14,99.03295128939835
2013-08-15,98.72228882833777
2013-08-16,97.93843575419018
2013-08-17,98.46731898238735
2013-08-18,99.05584158415836
2013-08-19,102.0484583333336
2013-08-20,103.83312362030892
2013-08-21,107.76108233117488
2013-08-22,111.52309959349618
2013-08-23,108.08050505050508
2013-08-24,108.5448339483398
2013-08-25,111.17114206128129
2013-08-26,112.1909774436089
2013-08-27,116.96962859795724
2013-08-28,118.45809523809525
2013-08-29,118.64319230769233
2013-08-30,121.44425130890068
2013-08-31,128.47299152542416
2013-09-01,130.18898550724626
2013-09-02,130.6667845303868
2013-09-03,129.7022410358566
2013-09-04,126.96524483133852
2013-09-05,121.61896081771741
2013-09-06,121.26677263969167
2013-09-07,118.76463768115933
2013-09-08,118.77523731587542
2013-09-09,119.54990394877264
2013-09-10,122.7381437125748
2013-09-11,123.10324083250731
2013-09-12,126.89480975609756
2013-09-13,127.64104121475056
2013-09-14,126.1692034313726
2013-09-15,124.79136923076932
2013-09-16,125.90943509615424
2013-09-17,126.78212424849694
2013-09-18,127.37747791952897
2013-09-19,125.94174728529124
2013-09-20,124.00885487528367
2013-09-21,123.28361179361158
2013-09-22,123.02476793248904
2013-09-23,123.17792763157891
2013-09-24,122.89556346381946
2013-09-25,124.3005285412262
2013-09-26,124.2517018779344
2013-09-27,125.68507676560915
2013-09-28,126.50369230769236
2013-09-29,127.47903314917129
2013-09-30,126.16043979057602
2013-10-01,127.11995466908427
2013-10-02,119.58120996441284
2013-10-03,111.84643564356453
2013-10-04,120.92737278106482
2013-10-05,121.55322709163337
2013-10-06,121.79807000946067
2013-10-07,123.22036503362162
2013-10-08,123.77439338235276
2013-10-09,125.16153051643184
2013-10-10,125.94717978848412
2013-10-11,126.7316844919786
2013-10-12,127.42578313253014
2013-10-13,129.1301015697138
2013-10-14,135.22141803278706
2013-10-15,137.19315974665702
2013-10-16,143.5910787792756
2013-10-17,141.7407101024892
2013-10-18,147.62540084388164
2013-10-19,161.6009036144581
2013-10-20,165.41096656976777
2013-10-21,173.9011575562701
2013-10-22,189.039494949495
2013-10-23,195.3923509655753
2013-10-24,193.08541698546287
2013-10-25,181.3988187702263
2013-10-26,181.87194570135762
2013-10-27,187.44345794392538
2013-10-28,194.97784784784798
2013-10-29,199.19292759706175
2013-10-30,202.22424216027866
2013-10-31,200.80216681776966
2013-11-01,202.74954088952592
2013-11-02,204.18957567185387
2013-11-03,206.06209790209746
2013-11-04,217.53877911079758
2013-11-05,236.12234657039758
2013-11-06,255.2070258302579
2013-11-07,283.1855976676382
2013-11-08,314.49861777150926
2013-11-09,342.8215202231516
2013-11-10,304.57813511611516
2013-11-11,331.99418079096023
2013-11-12,349.68791176470586
2013-11-13,378.25078728236156
2013-11-14,410.24041782729745
2013-11-15,419.9017062634982
2013-11-16,431.61710750853297
2013-11-17,458.83209831254544
2013-11-18,536.875561151079
2013-11-19,620.670928677563
2013-11-20,539.710182094081
2013-11-21,657.05292166549
2013-11-22,740.7109208633067
2013-11-23,834.3903115942027
2013-11-24,804.0206886858757
2013-11-25,811.5126402877685
2013-11-26,843.7505338078272
2013-11-27,926.3396079828931
2013-11-28,990.9223244381985
2013-11-29,1059.8221545003535
2013-11-30,1138.0915997181107
2013-12-01,1017.718033707864
2013-12-02,1012.8532771929854
2013-12-03,1048.5901582516965
2013-12-04,1095.0098930481288
2013-12-05,1041.2182660687588
2013-12-06,946.2236759457526
2013-12-07,725.1256567060444
2013-12-08,730.1898605299858
2013-12-09,864.4482602644389
2013-12-10,938.5573153409094
2013-12-11,908.2939810080344
2013-12-12,865.4436295743078
2013-12-13,882.8708906589387
2013-12-14,862.5131166666662
2013-12-15,840.839849325933
2013-12-16,785.6347580044682
2013-12-17,686.7055276030749
2013-12-18,562.1268387997212
2013-12-19,615.184965132497
2013-12-20,671.6217114568598
2013-12-21,607.0879490909095
2013-12-22,626.0350187546896
2013-12-23,635.6203895071545
2013-12-24,650.6487288817372
2013-12-25,658.7596010638299
2013-12-26,716.2612824106519
2013-12-27,727.6061382681588
2013-12-28,720.7086568265684
2013-12-29,715.555503533569
2013-12-30,733.6984065040639
2013-12-31,728.791647254574
2014-01-01,745.2910710988012
2014-01-02,757.609813571962
2014-01-03,796.7775705794916
2014-01-04,811.2778923076916
2014-01-05,867.7788345864664
2014-01-06,938.2032363378263
2014-01-07,885.6403289473694
2014-01-08,814.8248583569383
2014-01-09,821.5897430249632
2014-01-10,824.6110678871082
2014-01-11,878.6921141975298
2014-01-12,863.685486443382
2014-01-13,818.1749442379169
2014-01-14,823.1073624717399
2014-01-15,835.1453877221295
2014-01-16,833.1956109324743
2014-01-17,800.4992238131123
2014-01-18,807.7980897887305
2014-01-19,816.3199908003678
2014-01-20,832.0121175523337
2014-01-21,822.2626335877854
2014-01-22,816.802999999998
2014-01-23,813.9782363315683
2014-01-24,788.4394139465869
2014-01-25,797.0632406519663
2014-01-26,814.1532236842107
2014-01-27,798.1877796610152
2014-01-28,778.6119065281886
2014-01-29,794.3633000000002
2014-01-30,791.8165320665088
2014-01-31,801.9707459867797
2014-02-01,812.4738370118821
2014-02-02,818.0829855371885
2014-02-03,809.306198267564
2014-02-04,804.8527238454288
2014-02-05,801.6997008973062
2014-02-06,779.8835648854938
2014-02-07,721.0253465346525
2014-02-08,705.3470789259563
2014-02-09,694.4893545816723
2014-02-10,671.5917329332322
2014-02-11,688.3981047197649
2014-02-12,661.690576271186
2014-02-13,641.9210172143981
2014-02-14,630.7046273953168
2014-02-15,652.1637695924745
2014-02-16,635.8018252595161
2014-02-17,634.0018195488714
2014-02-18,631.0566666666681
2014-02-19,626.7903233830831
2014-02-20,598.9518865143696
2014-02-21,567.8049675558757
2014-02-22,583.5822106109316
2014-02-23,621.5221800947862
2014-02-24,567.9301413427551
2014-02-25,499.29509735744097
2014-02-26,575.0227061310782
2014-02-27,583.9427560240971
2014-02-28,570.6807608695643
2014-03-01,562.4160033030549
2014-03-02,563.3979257641914
2014-03-03,609.73222943723
2014-03-04,679.7603901734102
2014-03-05,665.5878881008671
2014-03-06,665.2280603448279
2014-03-07,642.8152635782749
2014-03-08,621.4077477477482
2014-03-09,631.5593769799361
2014-03-10,629.3575892857169
2014-03-11,627.0273076923067
2014-03-12,639.2432927970059
2014-03-13,642.6992034548937
2014-03-14,635.3278420569333
2014-03-15,633.5463208851994
2014-03-16,633.9399578059067
2014-03-17,626.1174625374622
2014-03-18,613.847609841827
2014-03-19,613.663280815568
2014-03-20,595.6519912280686
2014-03-21,581.7872649572648
2014-03-22,562.1084070058375
2014-03-23,564.064548581254
2014-03-24,565.1444715447152
2014-03-25,578.1217542213888
2014-03-26,580.6275403608744
2014-03-27,541.5594100074677
2014-03-28,502.7413264554164
2014-03-29,499.4138409090914
2014-03-30,467.3827397260274
2014-03-31,456.11370286576164
2014-04-01,475.9994640122513
2014-04-02,464.4617412530508
2014-04-03,435.19261072261037
2014-04-04,444.8662478031632
2014-04-05,452.03519290927943
2014-04-06,458.3607609860661
2014-04-07,454.74128683693516
2014-04-08,453.1744703143185
2014-04-09,448.13153531218074
2014-04-10,406.2938432267887
2014-04-11,403.8263119533527
2014-04-12,426.5543610547665
2014-04-13,415.19816371681384
2014-04-14,450.39265822784716
2014-04-15,489.2081290849672
2014-04-16,518.6322765598658
2014-04-17,505.77952145214465
2014-04-18,487.2950810295517
2014-04-19,494.5137148594374
2014-04-20,504.60849578820665
2014-04-21,501.8164732142858
2014-04-22,495.12647581441297
2014-04-23,490.0475546719675
2014-04-24,489.82855088495654
2014-04-25,463.7084591439693
2014-04-26,458.6111376564283
2014-04-27,450.95219036697176
2014-04-28,438.26589743589767
2014-04-29,445.4443577545193
2014-04-30,445.66178160919503
2014-05-01,456.448452041785
2014-05-02,451.34281690140887
2014-05-03,441.7837676438652
2014-05-04,436.2564144353906
2014-05-05,432.70449685534476
2014-05-06,428.99206834532345
2014-05-07,439.47986988847515
2014-05-08,444.453058035714
2014-05-09,448.17910241657063
2014-05-10,453.2449854227406
2014-05-11,443.5496080508486
2014-05-12,439.8122409909915
2014-05-13,438.6160414394766
2014-05-14,443.5046449136275
2014-05-15,448.723593287265
2014-05-16,448.27344516129085
2014-05-17,449.25217311233916
2014-05-18,447.81771173848466
2014-05-19,446.75585000000063
2014-05-20,470.4685862068958
2014-05-21,494.6307428040845
2014-05-22,512.9729746835432
2014-05-23,531.3803252032512
2014-05-24,522.2474090909081
2014-05-25,564.4205877483442
2014-05-26,582.7461896080225
2014-05-27,574.69312173913
2014-05-28,574.6355226641991
2014-05-29,569.3278736842105
2014-05-30,599.9872440191396
2014-05-31,621.8054110207767
2014-06-01,646.9174083333334
2014-06-02,638.0741745081268
2014-06-03,666.4563862179482
2014-06-04,642.7514096185744
2014-06-05,654.4333908045971
2014-06-06,656.8103402061859
2014-06-07,651.890867208673
2014-06-08,655.537400881059
2014-06-09,649.1731982942432
2014-06-10,649.8260148975776
2014-06-11,638.0025515947453
2014-06-12,614.9488361683071
2014-06-13,589.8184964761155
2014-06-14,569.5677030812326
2014-06-15,565.4557707910755
2014-06-16,596.8925088967966
2014-06-17,596.0775931232085
2014-06-18,608.3151548451539
2014-06-19,605.0745955056186
2014-06-20,591.825170278637
2014-06-21,589.378170028817
2014-06-22,599.0023921568617
2014-06-23,589.703823857301
2014-06-24,585.422430196481
2014-06-25,567.9375116931704
2014-06-26,569.5382484725042
2014-06-27,584.8539067055393
2014-06-28,597.061681643132
2014-06-29,595.7955747126438
2014-06-30,623.7910377358489
2014-07-01,648.6240016233766
2014-07-02,647.4378636826066
2014-07-03,646.6841314031179
2014-07-04,636.0560574948655
2014-07-05,630.0610246433213
2014-07-06,633.0470437017973
2014-07-07,626.2148205625602
2014-07-08,622.691728813558
2014-07-09,623.2157503152572
2014-07-10,616.9384216101695
2014-07-11,625.3907807118253
2014-07-12,634.0372588832496
2014-07-13,632.706583577713
2014-07-14,623.3701971522457
2014-07-15,622.5210572687204
2014-07-16,619.3407814269539
2014-07-17,619.6106614349773
2014-07-18,625.5666817155757
2014-07-19,629.2420973782773
2014-07-20,624.4999075500776
2014-07-21,621.0530845771149
2014-07-22,622.679695863746
2014-07-23,620.9045899772208
2014-07-24,608.9265768463074
2014-07-25,601.6720520833325
2014-07-26,595.6308602150541
2014-07-27,595.1919549929677
2014-07-28,584.2420437262358
2014-07-29,584.2952469813399
2014-07-30,574.7975647171623
2014-07-31,575.3067776777675
2014-08-01,593.6550630252102
2014-08-02,592.7587579214203
2014-08-03,585.4004519774014
2014-08-04,588.1847787610617
2014-08-05,582.751382694022
2014-08-06,581.464896755161
2014-08-07,584.7251999999993
2014-08-08,590.5367550371146
2014-08-09,588.1037790697673
2014-08-10,589.6781323529408
2014-08-11,583.8710853530046
2014-08-12,568.5253075571186
2014-08-13,551.6222159999991
2014-08-14,519.4111437403401
2014-08-15,507.18254934210427
2014-08-16,503.9275023474172
2014-08-17,503.78213740457966
2014-08-18,477.6317513682561
2014-08-19,480.70881846635405
2014-08-20,494.50487538940746
2014-08-21,522.2452228763667
2014-08-22,514.0150444049723
2014-08-23,503.940124521073
2014-08-24,504.4364842105256
2014-08-25,503.2016909090916
2014-08-26,509.17344827586123
2014-08-27,516.4600297914598
2014-08-28,510.0946697674426
2014-08-29,507.81427435387764
2014-08-30,503.5053229665066
2014-08-31,488.3387887067388
2014-09-01,480.31651067323594
2014-09-02,478.04784224841313
2014-09-03,475.7495738354803
2014-09-04,482.2815023474175
2014-09-05,483.6330459231484
2014-09-06,480.82098420413126
2014-09-07,480.17230107526905
2014-09-08,468.8026372712137
2014-09-09,467.1483076923071
2014-09-10,480.91545532646063
2014-09-11,475.44252285191914
2014-09-12,472.4582550335575
2014-09-13,475.8281778265637
2014-09-14,476.99098989899
2014-09-15,475.56571839080414
2014-09-16,468.91656954887225
2014-09-17,455.87505253940407
2014-09-18,437.2226480263153
2014-09-19,405.3212208398131
2014-09-20,412.2578914728681
2014-09-21,403.75873299319716
2014-09-22,402.6341976351345
2014-09-23,410.7129991915921
2014-09-24,429.32206605222706
2014-09-25,412.28345558272184
2014-09-26,405.4772710788754
2014-09-27,403.13893954410287
2014-09-28,390.7924999999998
2014-09-29,378.38332808812
2014-09-30,380.77143207855977
2014-10-01,385.66677966101685
2014-10-02,379.4006508875734
2014-10-03,368.25814782608757
2014-10-04,346.8300966183574
2014-10-05,314.7225131282818
2014-10-06,320.5493185078901
2014-10-07,328.50023556230997
2014-10-08,340.0859189580311
2014-10-09,366.058382789317
2014-10-10,363.1588239936857
2014-10-11,359.75800854700896
2014-10-12,364.61909090909074
2014-10-13,380.75812865497056
2014-10-14,404.08267181467215
2014-10-15,394.91083399523404
2014-10-16,385.9535934819897
2014-10-17,380.367968892955
2014-10-18,386.61314255983353
2014-10-19,389.71219369894965
2014-10-20,383.6694151486094
2014-10-21,385.81014477766286
2014-10-22,384.63323676323625
2014-10-23,367.83248360655705
2014-10-24,358.0748489795906
2014-10-25,349.9160815602834
2014-10-26,353.43717877094986
2014-10-27,354.2049017933387
2014-10-28,354.63254355400665
2014-10-29,346.18773569701864
2014-10-30,339.748713204373
2014-10-31,342.5286343216534
2014-11-01,329.1893864468857
2014-11-02,324.99190190190166
2014-11-03,328.7631105398455
2014-11-04,326.9475468331843
2014-11-05,338.3165434221839
2014-11-06,343.5787407407405
2014-11-07,345.48672361809054
2014-11-08,343.9134951456313
2014-11-09,353.253772321428
2014-11-10,367.7254991680525
2014-11-11,367.46626334519516
2014-11-12,397.2139065974794
2014-11-13,426.68586132952186
2014-11-14,397.90451306413274
2014-11-15,385.712307692307
2014-11-16,385.066779141104
2014-11-17,397.81915267785774
2014-11-18,381.5673356704634
2014-11-19,379.30613518197543
2014-11-20,365.2947550675669
2014-11-21,352.9282549800797
2014-11-22,358.55153119092614
2014-11-23,360.83331937172795
2014-11-24,376.4827468879657
2014-11-25,383.2248273026311
2014-11-26,371.8739790153351
2014-11-27,371.13534653465376
2014-11-28,369.624666103128
2014-11-29,378.1037391304351
2014-11-30,376.717517899762
2014-12-01,378.4692882249557
2014-12-02,379.74397533206786
2014-12-03,378.5543343051505
2014-12-04,373.46798521256966
2014-12-05,371.75740128558203
2014-12-06,374.7990807174884
2014-12-07,375.96759284731775
2014-12-08,369.17921787709423
2014-12-09,353.31035977105506
2014-12-10,350.5797209302324
2014-12-11,354.31634971796933
2014-12-12,353.7836111111112
2014-12-13,350.28042238648334
2014-12-14,352.68859556494164
2014-12-15,351.6823673125526
2014-12-16,338.2250387596894
2014-12-17,324.8464549019609
2014-12-18,314.4851317829461
2014-12-19,313.0701588628765
2014-12-20,325.19267141585027
2014-12-21,325.1276760563382
2014-12-22,328.8478089395266
2014-12-23,333.730491651205
2014-12-24,328.9540641158217
2014-12-25,319.90956769055725
2014-12-26,324.10403596403546
2014-12-27,319.0143098311814
2014-12-28,316.1599374348277
2014-12-29,315.4857415832574
2014-12-30,313.0728944820908
2014-12-31,314.494425711275
2015-01-01,316.1127106741575
2015-01-02,315.26723981900443
2015-01-03,302.42309920983257
2015-01-04,275.24830663615614
2015-01-05,272.11236252545814
2015-01-06,
2015-01-07,
2015-01-08,
2015-01-09,291.8998255813953
2015-01-10,281.6555983606553
2015-01-11,274.40179924242415
2015-01-12,269.46464285714336
2015-01-13,238.7925509487002
2015-01-14,195.77011323425364
2015-01-15,205.28081023454172
2015-01-16,211.7583273510412
2015-01-17,200.99627719581002
2015-01-18,207.01062768701624
2015-01-19,212.563775065388
2015-01-20,211.1738510808643
2015-01-21,215.6219861830745
2015-01-22,232.88880208333325
2015-01-23,230.94660075329543
2015-01-24,239.7250646551728
2015-01-25,249.32411428571447
2015-01-26,281.5404571843254
2015-01-27,260.49125200642067
2015-01-28,252.00738884397722
2015-01-29,233.3174810318666
2015-01-30,234.06510756972085
2015-01-31,229.24480922803883
2015-02-01,219.69282289249782
2015-02-02,226.93446826758125
2015-02-03,236.7078924914677
2015-02-04,225.47439024390243
2015-02-05,222.3985714285714
2015-02-06,220.07939670932367
2015-02-07,226.98092004381178
2015-02-08,225.2315641293012
2015-02-09,221.09000000000037
2015-02-10,218.6614193548387
2015-02-11,221.20156565656583
2015-02-12,220.4404687499997
2015-02-13,234.04357333333328
2015-02-14,247.59994334277656
2015-02-15,249.3220102651841
2015-02-16,235.09392727272748
2015-02-17,239.98347317073248
2015-02-18,240.31196244131445
2015-02-19,239.2643211206899
2015-02-20,244.9391889218596
2015-02-21,245.5690218978103
2015-02-22,240.23558265582662
2015-02-23,236.63371700105583
2015-02-24,238.874032967033
2015-02-25,238.18455916473323
2015-02-26,236.74588819875802
2015-02-27,250.89497872340388
2015-02-28,251.73429561200982
2015-03-01,251.01896061269167
2015-03-02,263.2649866666664
2015-03-03,274.90218089602655
2015-03-04,277.358650725876
2015-03-05,269.3083479020978
2015-03-06,272.53636904761896
2015-03-07,273.699249329759
2015-03-08,274.75625145518063
2015-03-09,281.9784383819376
2015-03-10,291.10532072368443
2015-03-11,292.3210256410252
2015-03-12,294.6487513007285
2015-03-13,290.2825756097563
2015-03-14,284.0815587529978
2015-03-15,284.769661290323
2015-03-16,290.6536761710794
2015-03-17,288.3541434689509
2015-03-18,271.77688277087066
2015-03-19,258.5928200972447
2015-03-20,261.4610477941169
2015-03-21,259.7952092511012
2015-03-22,262.23588019559924
2015-03-23,266.82114818449446
2015-03-24,253.57925250683647
2015-03-25,244.82045863309273
2015-03-26,250.01212487411928
2015-03-27,248.11796610169503
2015-03-28,251.44570559610787
2015-03-29,244.8896697038726
2015-03-30,245.2898735408561
2015-03-31,244.96639042357307
2015-04-01,243.26264788732425
2015-04-02,248.55490891658724
2015-04-03,254.1069836065576
2015-04-04,252.80639534883744
2015-04-05,255.88614412136522
2015-04-06,257.770152749491
2015-04-07,254.3055679862303
2015-04-08,248.30113891285603
2015-04-09,243.65156937799057
2015-04-10,237.39772904483368
2015-04-11,236.16882964889476
2015-04-12,236.46371387283222
2015-04-13,231.47235988200595
2015-04-14,218.93808006535932
2015-04-15,220.11149555375894
2015-04-16,226.50816396242547
2015-04-17,223.85167060677725
2015-04-18,222.72932330827064
2015-04-19,224.53212993421067
2015-04-20,224.12078671328695
2015-04-21,226.68371575342493
2015-04-22,235.4575646743978
2015-04-23,234.62096938775554
2015-04-24,231.4787096774194
2015-04-25,228.4529892891918
2015-04-26,219.15214405360163
2015-04-27,221.36599666388693
2015-04-28,225.13496810207383
2015-04-29,224.59487117552328
2015-04-30,231.74408346972174
2015-05-01,234.79859195402287
2015-05-02,233.41413907284792
2015-05-03,238.70489411764706
2015-05-04,238.76400172860914
2015-05-05,234.48311587982874
2015-05-06,233.6596086594507
2015-05-07,231.67031275060125
2015-05-08,240.03751558325897
2015-05-09,242.35534883720948
2015-05-10,240.8225819134997
2015-05-11,240.80592555331984
2015-05-12,240.54031664964293
2015-05-13,241.96250243427482
2015-05-14,236.60819750719105
2015-05-15,237.32332624867146
2015-05-16,236.40335664335666
2015-05-17,235.99127272727233
2015-05-18,235.40205616850605
2015-05-19,232.7973744075832
2015-05-20,233.28108443067438
2015-05-21,235.2094456521737
2015-05-22,236.76929039301314
2015-05-23,239.29343402225783
2015-05-24,239.3258293838865
2015-05-25,236.90823684210534
2015-05-26,236.15202843601972
2015-05-27,235.76996798292424
2015-05-28,235.982911795962
2015-05-29,235.57437059415994
2015-05-30,233.1116961130742
2015-05-31,231.23521390374302
2015-06-01,226.0603724928368
2015-06-02,224.0912867647061
2015-06-03,225.27961923847695
2015-06-04,224.79529147982055
2015-06-05,223.8406763787728
2015-06-06,224.4446345029237
2015-06-07,223.77099386503045
2015-06-08,225.76055555555533
2015-06-09,229.24287545787507
2015-06-10,228.45144514767944
2015-06-11,228.88017578124953
2015-06-12,229.70427053140054
2015-06-13,230.137172717273
2015-06-14,232.21561224489804
2015-06-15,234.53436493738803
2015-06-16,240.9283264291635
2015-06-17,249.8074761146497
2015-06-18,247.5904616724736
2015-06-19,247.03645067698238
2015-06-20,242.98474090407893
2015-06-21,243.13466584158402
2015-06-22,245.55387310606062
2015-06-23,244.7266609589044
2015-06-24,241.9418251681084
2015-06-25,241.3830499561794
2015-06-26,241.56469798657784
2015-06-27,245.9437512339588
2015-06-28,249.36639871382684
2015-06-29,252.96860759493646
2015-06-30,262.0144884241973
2015-07-01,258.83559787422485
2015-07-02,256.01414195867005
2015-07-03,254.83815005138763
2015-07-04,257.09308767471407
2015-07-05,264.12100991884637
2015-07-06,272.2592768273718
2015-07-07,267.3514550264552
2015-07-08,268.3841316270572
2015-07-09,269.21507234042576
2015-07-10,281.637438811188
2015-07-11,291.46979286536293
2015-07-12,306.1556165703277
2015-07-13,293.3456566523604
2015-07-14,290.7672254901958
2015-07-15,290.78372608257774
2015-07-16,281.67135726795067
2015-07-17,277.1813075313802
2015-07-18,278.48069199457274
2015-07-19,276.2068506493506
2015-07-20,277.32501098901105
2015-07-21,279.34728024819015
2015-07-22,276.63640350877193
2015-07-23,277.12672706681724
2015-07-24,283.9265578635015
2015-07-25,289.0801963190181
2015-07-26,291.5028217054263
2015-07-27,291.3575984630164
2015-07-28,294.70118190212355
2015-07-29,290.7450789229337
2015-07-30,287.82439953810604
2015-07-31,284.8427868852459
2015-08-01,280.5845492957746
2015-08-02,279.83320063694225
2015-08-03,282.9959058823529
2015-08-04,283.9392761692654
2015-08-05,282.8549557522126
2015-08-06,279.07889004149354
2015-08-07,278.1814682539684
2015-08-08,272.3313296089385
2015-08-09,264.09194528875406
2015-08-10,264.5556042780753
2015-08-11,265.9671015936255
2015-08-12,268.40814738996886
2015-08-13,264.99929223744385
2015-08-14,265.2474361702122
2015-08-15,264.85100424328175
2015-08-16,257.8893248532289
2015-08-17,257.08326552462586
2015-08-18,253.25746553552557
2015-08-19,232.02497512437864
2015-08-20,233.40430210325079
2015-08-21,234.05841320553787
2015-08-22,229.75792336217557
2015-08-23,229.94461836998715
2015-08-24,219.8638944723621
2015-08-25,215.52766040688564
2015-08-26,226.04225314183128
2015-08-27,226.19657329598445
2015-08-28,228.54359817351593
2015-08-29,229.9958249158248
2015-08-30,228.48820388349543
2015-08-31,228.9773641851107
2015-09-01,228.33337110481568
2015-09-02,228.58975161987033
2015-09-03,227.72917277486894
2015-09-04,229.48710010319894
2015-09-05,232.9602085889571
2015-09-06,240.24553000000017
2015-09-07,240.70510926118635
2015-09-08,243.66721668177703
2015-09-09,240.3160837887072
2015-09-10,238.79322549019616
2015-09-11,239.8813146551725
2015-09-12,237.60151249999979
2015-09-13,231.7530397022333
2015-09-14,229.5037475915226
2015-09-15,229.99542828685296
2015-09-16,228.2696849593495
2015-09-17,230.62360169491564
2015-09-18,233.1341729729732
2015-09-19,231.50582128777984
2015-09-20,230.41257783312574
2015-09-21,227.35179162609566
2015-09-22,228.48503773584898
2015-09-23,230.13549206349225
2015-09-24,232.22455061494773
2015-09-25,235.47788541666628
2015-09-26,234.20770370370397
2015-09-27,232.89140298507473
2015-09-28,237.37552875695718
2015-09-29,237.6087007874016
2015-09-30,236.74800000000016
2015-10-01,237.1840744797368
2015-10-02,237.73708525345603
2015-10-03,238.63415254237273
2015-10-04,238.86096477794783
2015-10-05,238.59621730382304
2015-10-06,243.66026892430233
2015-10-07,245.1396111665005
2015-10-08,243.80894220283602
2015-10-09,243.98180606060626
2015-10-10,244.80200276243082
2015-10-11,246.38461538461547
2015-10-12,246.86312499999948
2015-10-13,247.78517999999966
2015-10-14,251.5339775051127
2015-10-15,254.35470142180125
2015-10-16,259.7145424013434
2015-10-17,268.3839453860642
2015-10-18,264.98485749690155
2015-10-19,262.9641880341876
2015-10-20,267.45830205540625
2015-10-21,268.3733691406248
2015-10-22,273.0668821292773
2015-10-23,277.3176114081993
2015-10-24,280.1336706349212
2015-10-25,289.8749664429528
2015-10-26,284.60119429590026
2015-10-27,292.793209772536
2015-10-28,301.57368592351554
2015-10-29,310.10547638773807
2015-10-30,324.83077662721894
2015-10-31,321.57246945898794
2015-11-01,316.08383380547724
2015-11-02,338.03932558139485
2015-11-03,384.69154787616947
2015-11-04,448.71697202797117
2015-11-05,400.29475282485873
2015-11-06,373.0251617647062
2015-11-07,383.9664529914533
2015-11-08,382.2205522682444
2015-11-09,375.3426041666671
2015-11-10,363.0330480847597
2015-11-11,314.8193367346935
2015-11-12,327.0160150943395
2015-11-13,333.3552936378463
2015-11-14,333.24937881873717
2015-11-15,326.6622093023254
2015-11-16,322.38603674540724
2015-11-17,335.2001308258386
2015-11-18,334.19865884325117
2015-11-19,331.1031130434774
2015-11-20,319.7696099585056
2015-11-21,324.64553012048225
2015-11-22,323.8551797603197
2015-11-23,323.39581764122903
2015-11-24,321.0263735267446
2015-11-25,322.96038246268654
2015-11-26,344.32702659145855
2015-11-27,357.1219271758438
2015-11-28,354.7406892655376
2015-11-29,361.6267782909928
2015-11-30,376.23699591836754
2015-12-01,366.6090241718891
2015-12-02,355.9857254561243
2015-12-03,362.53746678476557
2015-12-04,360.36921979067563
2015-12-05,374.91
2015-12-06,392.0606905158076
2015-12-07,392.7362185602774
2015-12-08,395.347213706041
2015-12-09,416.8382254379284
2015-12-10,415.14147086031426
2015-12-11,434.48937913907315
2015-12-12,432.8966931007136
2015-12-13,435.9131339031335
2015-12-14,441.5440277777782
2015-12-15,455.9552627511589
2015-12-16,456.7359191759126
2015-12-17,455.24615249780896
2015-12-18,459.507637457045
2015-12-19,462.36909411764634
2015-12-20,451.0581212121206
2015-12-21,437.02716059602693
2015-12-22,438.0402915194352
2015-12-23,440.1954788213627
2015-12-24,454.3347565217395
2015-12-25,454.85100286532935
2015-12-26,429.49763945028263
2015-12-27,419.25660051768796
2015-12-28,424.1818205128201
2015-12-29,425.2181604184829
2015-12-30,429.39158894645897
2015-12-31,426.40760848601786
2016-01-01,432.7770971428571
2016-01-02,433.0889908256882
2016-01-03,429.06467145790566
2016-01-04,432.44710204081645
2016-01-05,432.37579999999974
2016-01-06,430.40898032200386
2016-01-07,448.85668534827937
2016-01-08,454.4450994575046
2016-01-09,450.1725266524517
2016-01-10,444.9868443051203
2016-01-11,446.81653631284917
2016-01-12,445.95681339712814
2016-01-13,430.15120362736985
2016-01-14,430.8441741741743
2016-01-15,401.53820165538
2016-01-16,371.47671767406274
2016-01-17,383.7753700361012
2016-01-18,382.5998499558696
2016-01-19,382.59201680672305
2016-01-20,392.710787337663
2016-01-21,413.3638513513515
2016-01-22,392.8537788778877
2016-01-23,388.54634328358156
2016-01-24,397.7245550351291
2016-01-25,395.35664859981966
2016-01-26,392.97174688057004
2016-01-27,394.1205163043476
2016-01-28,383.00999190283375
2016-01-29,375.90935032894635
2016-01-30,377.4079481132069
2016-01-31,376.6853952991448
2016-02-01,372.52361963190157
2016-02-02,373.17983578219446
2016-02-03,371.04985074626927
2016-02-04,378.6591431095399
2016-02-05,387.0876607142858
2016-02-06,376.22388888888867
2016-02-07,375.7054401805869
2016-02-08,375.44981606970015
2016-02-09,373.21837988826735
2016-02-10,377.9779507475806
2016-02-11,377.8762950257291
2016-02-12,380.7854083484569
2016-02-13,387.6340633484162
2016-02-14,398.4051694178973
2016-02-15,402.00412444444396
2016-02-16,403.01783495145554
2016-02-17,414.32144453998285
2016-02-18,419.7581385642727
2016-02-19,419.40861773117285
2016-02-20,430.91962189054703
2016-02-21,437.96602443608884
2016-02-22,436.7732038834939
2016-02-23,425.75327006039635
2016-02-24,420.21766666666656
2016-02-25,422.3947092469012
2016-02-26,423.51374870197213
2016-02-27,431.5173170731714
2016-02-28,428.97189542483625
2016-02-29,435.9016027280474
2016-03-01,433.32100266193373
2016-03-02,430.723221110099
2016-03-03,420.7663175965659
2016-03-04,418.368772401434
2016-03-05,402.43884788478766
2016-03-06,404.7913691507784
2016-03-07,409.4515925266902
2016-03-08,411.8238598130846
2016-03-09,411.44745638200146
2016-03-10,413.69173112338734
2016-03-11,419.28068783068704
2016-03-12,413.43658999999957
2016-03-13,412.9028234086237
2016-03-14,413.74062260536374
2016-03-15,415.6126181102362
2016-03-16,415.2890188679236
2016-03-17,417.9968958543985
2016-03-18,411.3744454976302
2016-03-19,407.0501731160895
2016-03-20,410.03052123552203
2016-03-21,409.18691960252863
2016-03-22,415.15315929203524
2016-03-23,416.700819672131
2016-03-24,416.0925706214691
2016-03-25,415.39310222222144
2016-03-26,415.9553577371051
2016-03-27,421.56087363494527
2016-03-28,422.88203995793907
2016-03-29,417.39179279279267
2016-03-30,412.8918196721319
2016-03-31,415.0627629733519
2016-04-01,415.4645916905448
2016-04-02,418.647538787024
2016-04-03,418.0162842712843
2016-04-04,418.46422379826515
2016-04-05,421.2552573932083
2016-04-06,421.8197533908746
2016-04-07,420.70058333333316
2016-04-08,421.1143615257037
2016-04-09,416.70184926727103
2016-04-10,419.4570444444429
2016-04-11,420.6593280914939
2016-04-12,424.58156773211465
2016-04-13,424.39205615194123
2016-04-14,423.96384887005587
2016-04-15,426.59033707865035
2016-04-16,429.9606630434784
2016-04-17,427.9334161931816
2016-04-18,427.5731430934655
2016-04-19,429.5550423728829
2016-04-20,438.52478723404255
2016-04-21,445.09256038647385
2016-04-22,447.4729441117764
2016-04-23,447.84596231493873
2016-04-24,454.49658836689065
2016-04-25,460.9815296566074
2016-04-26,465.7458604651163
2016-04-27,459.07301603206423
2016-04-28,445.3821856866539
2016-04-29,451.42619753086353
2016-04-30,452.337364672365
2016-05-01,450.9809470304974
2016-05-02,445.2867211328976
2016-05-03,447.36234021632174
2016-05-04,447.56875809935246
2016-05-05,447.5556630434779
2016-05-06,453.0389662231318
2016-05-07,458.59049079754607
2016-05-08,457.7640625000001
2016-05-09,459.3450226244345
2016-05-10,455.43415094339696
2016-05-11,453.3260770975047
2016-05-12,451.9574110032365
2016-05-13,454.971518324608
2016-05-14,455.8762436548224
2016-05-15,456.5506042296068
2016-05-16,456.39532721010295
2016-05-17,453.6732027649782
2016-05-18,454.0343542857133
2016-05-19,448.55745098039165
2016-05-20,441.61289532294006
2016-05-21,442.4326618705038
2016-05-22,440.4337878787879
2016-05-23,441.00072497123153
2016-05-24,444.7568705882354
2016-05-25,447.57210714285844
2016-05-26,450.14442643391567
2016-05-27,471.2061896080221
2016-05-28,494.1506782768102
2016-05-29,517.6696987951801
2016-05-30,526.6734995296325
2016-05-31,534.4614972776777
2016-06-01,534.1726262626256
2016-06-02,536.3089977973569
2016-06-03,557.9104990215268
2016-06-04,573.8810537634396
2016-06-05,573.9377070828336
2016-06-06,581.93913483146
2016-06-07,581.3068479355484
2016-06-08,578.5561436464078
2016-06-09,577.6205896226412
2016-06-10,576.140364864865
2016-06-11,583.8198255033556
2016-06-12,640.6895392077611
2016-06-13,689.5562177419334
2016-06-14,687.2679520137099
2016-06-15,684.9237187789096
2016-06-16,740.9222036474152
2016-06-17,747.9412510638293
2016-06-18,750.8679732510278
2016-06-19,755.3850488997565
2016-06-20,746.1059372026632
2016-06-21,681.8997551928788
2016-06-22,648.4731259968086
2016-06-23,590.4108093797267
2016-06-24,653.4068441660131
2016-06-25,668.9197785160562
2016-06-26,635.5117857142849
2016-06-27,639.3561130742042
2016-06-28,648.1008250497027
2016-06-29,632.5080324909751
2016-06-30,654.1098947368421
2016-07-01,674.7759960159356
2016-07-02,690.3665244667492
2016-07-03,672.9930280172404
2016-07-04,670.5729774127308
2016-07-05,672.4903211009172
2016-07-06,673.9395047169797
2016-07-07,640.3421090259143
2016-07-08,647.4223243801642
2016-07-09,649.0777525539173
2016-07-10,645.9427982326947
2016-07-11,648.6406926952139
2016-07-12,659.8559312638572
2016-07-13,662.1656902356898
2016-07-14,658.1946172539494
2016-07-15,663.5888664987399
2016-07-16,663.3068654173766
2016-07-17,671.4326666666663
2016-07-18,676.743137973137
2016-07-19,671.5364822695021
2016-07-20,669.6186114819764
2016-07-21,663.8397442143724
2016-07-22,657.8926196473545
2016-07-23,653.1749343065696
2016-07-24,656.6061111111109
2016-07-25,656.1272958500664
2016-07-26,651.2371444695262
2016-07-27,653.441916572718
2016-07-28,654.5862246278764
2016-07-29,654.9690965732085
2016-07-30,654.9378384279489
2016-07-31,633.9604767726162
2016-08-01,619.3252605210429
2016-08-02,588.4104593639585
2016-08-03,549.3382102056357
2016-08-04,570.7665773552278
2016-08-05,570.8170588235271
2016-08-06,574.0278969505783
2016-08-07,590.7451631701629
2016-08-08,589.5316540540535
2016-08-09,585.8684960718277
2016-08-10,590.540329308451
2016-08-11,592.1591826923072
2016-08-12,586.2082060606062
2016-08-13,585.7481525423731
2016-08-14,572.0549880668261
2016-08-15,567.016615720524
2016-08-16,571.8053141091646
2016-08-17,572.5738208032957
2016-08-18,572.0963256325616
2016-08-19,571.9472567409142
2016-08-20,575.6013896103888
2016-08-21,578.6002748691104
2016-08-22,580.419080338266
2016-08-23,581.5193378226716
2016-08-24,578.7016646989383
2016-08-25,574.7108775731315
2016-08-26,577.2239578947374
2016-08-27,571.9390300546457
2016-08-28,570.5855195911415
2016-08-29,573.33125
2016-08-30,574.6191684210504
2016-08-31,571.8329371428568
2016-09-01,570.376615384616
2016-09-02,570.8725849514569
2016-09-03,577.839315789473
2016-09-04,600.2890093847767
2016-09-05,602.4488522954084
2016-09-06,605.9069061413675
2016-09-07,610.5833862433865
2016-09-08,622.0406993736959
2016-09-09,621.1147734457312
2016-09-10,622.2687515762927
2016-09-11,616.6798842592601
2016-09-12,605.7386213592243
2016-09-13,607.0725792630683
2016-09-14,608.4140072202167
2016-09-15,606.9510141766626
2016-09-16,606.5633518312994
2016-09-17,604.6048776978417
2016-09-18,606.2166859623727
2016-09-19,607.5431257208768
2016-09-20,607.074673539518
2016-09-21,595.0705813953487
2016-09-22,595.2080361445792
2016-09-23,597.7344665012401
2016-09-24,600.7544134078208
2016-09-25,598.8482487725043
2016-09-26,602.5304930332268
2016-09-27,603.942733727811
2016-09-28,603.5068314321929
2016-09-29,603.9819275700933
2016-09-30,605.0130668257757
2016-10-01,611.9189969135807
2016-10-02,609.0461263736279
2016-10-03,609.8677065351421
2016-10-04,607.9601672640388
2016-10-05,609.0809775429321
2016-10-06,609.3178467635402
2016-10-07,612.3457274826785
2016-10-08,614.4067724867713
2016-10-09,612.936289655173
2016-10-10,614.6200611246926
2016-10-11,630.9571727748689
2016-10-12,636.1063614744359
2016-10-13,634.8882519280202
2016-10-14,635.5711864406767
2016-10-15,638.4263991323209
2016-10-16,638.1708959537585
2016-10-17,636.0319143876326
2016-10-18,635.7822125000004
2016-10-19,631.2914842105265
2016-10-20,627.6680338983037
2016-10-21,629.4833799533791
2016-10-22,641.9620418204174
2016-10-23,651.1891790040388
2016-10-24,647.9804953560375
2016-10-25,652.1022090729754
2016-10-26,663.9898075072175
2016-10-27,679.9100593471795
2016-10-28,684.7303311965821
2016-10-29,704.2988801791702
2016-10-30,701.6767372353665
2016-10-31,698.281779575331
2016-11-01,722.1043776824027
2016-11-02,724.9385812356968
2016-11-03,720.3697497593841
2016-11-04,697.5612381852558
2016-11-05,701.7433539603957
2016-11-06,706.8656916996046
2016-11-07,704.2119600938959
2016-11-08,706.1572177879134
2016-11-09,725.9109170305661
2016-11-10,714.931015037594
2016-11-11,715.5244971751389
2016-11-12,707.4725280000009
2016-11-13,694.1119529411757
2016-11-14,700.934299163181
2016-11-15,711.2223599999987
2016-11-16,725.3688066604988
2016-11-17,743.5891899441325
2016-11-18,743.3328245067489
2016-11-19,748.3277049180314
2016-11-20,736.0712317880796
2016-11-21,732.9821495327103
2016-11-22,742.5021297297271
2016-11-23,740.8448681541589
2016-11-24,735.8674353671156
2016-11-25,732.9391418764295
2016-11-26,730.6756752873558
2016-11-27,727.8131754874637
2016-11-28,729.4762162162117
2016-11-29,730.2863950892842
2016-11-30,738.2703319057864
2016-12-01,748.7821103896093
2016-12-02,767.2512912346823
2016-12-03,762.0392753623183
2016-12-04,759.706037991859
2016-12-05,751.5379052132707
2016-12-06,755.5519716885718
2016-12-07,761.9009917355415
2016-12-08,767.6778983382145
2016-12-09,769.9167767653738
2016-12-10,772.2980346106323
2016-12-11,768.320760719222
2016-12-12,774.6633673469358
2016-12-13,778.6401225259171
2016-12-14,777.0345770567785
2016-12-15,777.1540309278356
2016-12-16,778.8829934210551
2016-12-17,787.0239008042854
2016-12-18,787.9097432762859
2016-12-19,790.8688829215897
2016-12-20,791.885242914977
2016-12-21,814.3949542809623
2016-12-22,857.1832499999996
2016-12-23,898.2410586319228
2016-12-24,900.0983495145632
2016-12-25,875.7638702460857
2016-12-26,899.1725950054283
2016-12-27,919.1594766355162
2016-12-28,957.1469218241025
2016-12-29,968.3327371956328
2016-12-30,952.7534843492587
2016-12-31,956.3813479923534
2017-01-01,981.6578478002368
2017-01-02,1013.255191489359
2017-01-03,1020.0448343245517
2017-01-04,1079.5995135135138
2017-01-05,1039.7941964285699
2017-01-06,931.1648389513102
2017-01-07,869.1673954512104
2017-01-08,915.0059409020231
2017-01-09,893.6198479729719
2017-01-10,903.0619487648693
2017-01-11,839.5960570987656
2017-01-12,783.0202218934913
2017-01-13,807.3322716248997
2017-01-14,827.6135412474853
2017-01-15,817.0320973154357
2017-01-16,827.9226488352007
2017-01-17,876.8121009036145
2017-01-18,884.8418355945705
2017-01-19,893.3345846645378
2017-01-20,895.3451334519567
2017-01-21,917.3730411449022
2017-01-22,921.0260536044328
2017-01-23,920.1476861702128
2017-01-24,906.5394395516412
2017-01-25,894.1565391156454
2017-01-26,906.212317180616
2017-01-27,917.3160764587516
2017-01-28,918.1283510638291
2017-01-29,916.4836086956519
2017-01-30,917.2207294552172
2017-01-31,941.7359698996665
2017-02-01,971.0227683134589
2017-02-02,993.3477796754893
2017-02-03,1011.6734035656362
2017-02-04,1019.0218111111127
2017-02-05,1018.3542191435749
2017-02-06,1021.4154493307822
2017-02-07,1042.19256431535
2017-02-08,1053.415387045815
2017-02-09,1021.0060338201375
2017-02-10,977.8849843749997
2017-02-11,1007.5550452898564
2017-02-12,1003.0107516650806
2017-02-13,997.8658614232207
2017-02-14,1006.3358026624861
2017-02-15,1009.327340332457
2017-02-16,1027.2764735516373
2017-02-17,1047.2783155080222
2017-02-18,1061.4401456310673
2017-02-19,1052.6253882915191
2017-02-20,1058.1090581162318
2017-02-21,1102.1553740326772
2017-02-22,1123.4679470729725
2017-02-23,1148.6344603174616
2017-02-24,1185.0841506533425
2017-02-25,1166.2678078358206
2017-02-26,1165.8440583804136
2017-02-27,1186.3543010752694
2017-02-28,1192.4440313272894
2017-03-01,1207.4819055649266
2017-03-02,1241.1214950980402
2017-03-03,1272.9555017301036
2017-03-04,1267.7216104146628
2017-03-05,1258.4955720653788
2017-03-06,1274.8131972789108
2017-03-07,1252.0119860627171
2017-03-08,1195.8452908366517
2017-03-09,1178.2640440597954
2017-03-10,1202.5026336173512
2017-03-11,1167.2053514377017
2017-03-12,1198.4075063184491
2017-03-13,1234.4992389525376
2017-03-14,1244.7031139944404
2017-03-15,1251.6942222222222
2017-03-16,1218.7381288819872
2017-03-17,1130.403670329671
2017-03-18,1032.8501347305375
2017-03-19,1009.9871682847883
2017-03-20,1034.779725321887
2017-03-21,1084.5939983909882
2017-03-22,1051.8209448818886
2017-03-23,1036.2375412541267
2017-03-24,989.4942889054349
2017-03-25,926.5259919678723
2017-03-26,965.7987576552924
2017-03-27,1002.2234612244905
2017-03-28,1044.34056542811
2017-03-29,1033.1621259842486
2017-03-30,1033.2692834890977
2017-03-31,1051.7383729569112
2017-04-01,1077.655687242799
2017-04-02,1080.6721477079789
2017-04-03,1126.8612783053309
2017-04-04,1142.2657998483705
2017-04-05,1129.7311308562182
2017-04-06,1167.629600301663
2017-04-07,1189.519602859414
2017-04-08,1187.659287072243
2017-04-09,1195.2719447186587
2017-04-10,1208.0478990081183
2017-04-11,1213.5473263888903
2017-04-12,1217.063547826085
2017-04-13,1186.6002725724015
2017-04-14,1172.1009927797857
2017-04-15,1178.3970919540238
2017-04-16,1168.7689885057473
2017-04-17,1173.5479069767425
2017-04-18,1201.109600340135
2017-04-19,1201.0584949832762
2017-04-20,1221.0583679999993
2017-04-21,1241.4889405053018
2017-04-22,1236.7579680150518
2017-04-23,1236.071225626739
2017-04-24,1244.201826086956
2017-04-25,1265.3750157728691
2017-04-26,1289.542127659575
2017-04-27,1313.6315511811024
2017-04-28,1324.1009713855406
2017-04-29,1330.0150409165326
2017-04-30,1331.5560249554358
2017-05-01,1377.5208980213065
2017-05-02,1434.2875748031477
2017-05-03,1472.4982551883184
2017-05-04,1540.3965007112386
2017-05-05,1557.1308879492624
2017-05-06,1540.8734067663286
2017-05-07,1542.0250348567017
2017-05-08,1588.4111039886034
2017-05-09,1705.0812215909061
2017-05-10,1746.8745422031473
2017-05-11,1827.5857675438556
2017-05-12,1769.4827108868035
2017-05-13,1704.2283359253527
2017-05-14,1781.9828865979377
2017-05-15,1732.1866691230678
2017-05-16,1709.5409363831309
2017-05-17,1774.9403299856544
2017-05-18,1825.5495197132664
2017-05-19,1926.2015095676825
2017-05-20,1973.9469481902088
2017-05-21,2022.2630763358775
2017-05-22,2110.9065907473355
2017-05-23,2192.909826964676
2017-05-24,2367.3512342216027
2017-05-25,2555.5144815588087
2017-05-26,2384.622114445222
2017-05-27,2096.2326923076926
2017-05-28,2188.943828125002
2017-05-29,2240.7185483870962
2017-05-30,2273.5866904422264
2017-05-31,2253.686263121067
2017-06-01,2389.8723426573442
2017-06-02,2429.3910122038765
2017-06-03,2518.6754964028796
2017-06-04,2524.913461249066
2017-06-05,2602.2055007256954
2017-06-06,2835.092842178768
2017-06-07,2814.690801418441
2017-06-08,2753.428592436983
2017-06-09,2824.0709188801134
2017-06-10,2854.9784564740307
2017-06-11,2907.22503698225
2017-06-12,2798.617826398856
2017-06-13,2715.9303538570493
2017-06-14,2651.497856635919
2017-06-15,2356.0800488826803
2017-06-16,2451.4944508670533
2017-06-17,2556.707464684016
2017-06-18,2564.311451127825
2017-06-19,2558.2808619430243
2017-06-20,2661.645126582277
2017-06-21,2711.941942090399
2017-06-22,2681.07608758076
2017-06-23,2718.1027838033283
2017-06-24,2653.5025970149263
2017-06-25,2558.0716196136677
2017-06-26,2463.4198645759097
2017-06-27,2407.07438434164
2017-06-28,2534.0378627591103
2017-06-29,2558.6512444771747
2017-06-30,2523.761556671455
2017-07-01,2461.4933210059176
2017-07-02,2445.435110132158
2017-07-03,2524.9089801907576
2017-07-04,2596.800102639299
2017-07-05,2569.8523254139723
2017-07-06,2593.6197291021704
2017-07-07,2541.820538348087
2017-07-08,2515.698209302327
2017-07-09,2538.838511856097
2017-07-10,2451.2439791356196
2017-07-11,2339.656065688327
2017-07-12,2344.349150141647
2017-07-13,2370.49952415813
2017-07-14,2277.5890711175684
2017-07-15,2072.7154322766532
2017-07-16,1938.9706991525413
2017-07-17,2057.3082807017595
2017-07-18,2280.8427851644533
2017-07-19,2311.477210451977
2017-07-20,2497.806585190505
2017-07-21,2719.0320971147053
2017-07-22,2782.6120780195074
2017-07-23,2766.1143829468974
2017-07-24,2753.6899926900655
2017-07-25,2619.4033791606425
2017-07-26,2498.8693913658935
2017-07-27,2569.933053545587
2017-07-28,2737.9283702644775
2017-07-29,2717.2321315192758
2017-07-30,2675.150976532933
2017-07-31,2761.7779552238762
2017-08-01,2766.060429948109
2017-08-02,2713.830417566598
2017-08-03,2744.010665680483
2017-08-04,2828.8835143288097
2017-08-05,3159.8180883417836
2017-08-06,3236.4008320839657
2017-08-07,3310.928714596962
2017-08-08,3416.080875350135
2017-08-09,3340.506430594911
2017-08-10,3392.9317167381946
2017-08-11,3504.2765884861483
2017-08-12,3760.6055659697213
2017-08-13,4023.338863157899
2017-08-14,4171.049693513901
2017-08-15,4167.271794692747
2017-08-16,4167.727443181816
2017-08-17,4346.486339222618
2017-08-18,4227.788487394969
2017-08-19,4054.0834397163235
2017-08-20,4059.9686088257376
2017-08-21,4021.363997082423
2017-08-22,3921.97564944134
2017-08-23,4142.045368938866
2017-08-24,4180.726488011292
2017-08-25,4356.784354609941
2017-08-26,4311.0082382671635
2017-08-27,4340.524436146386
2017-08-28,4304.878294075677
2017-08-29,4465.117163969044
2017-08-30,4575.672056338037
2017-08-31,4670.353321529755
2017-09-01,4801.956576011163
2017-09-02,4682.200427769997
2017-09-03,4575.792185754194
2017-09-04,4361.9361666666555
2017-09-05,4252.3460250173775
2017-09-06,4528.764399441346
2017-09-07,4584.511490857959
2017-09-08,4478.341214953271
2017-09-09,4292.262762508806
2017-09-10,4179.386702127654
2017-09-11,4210.2313445378195
2017-09-12,4252.994787234042
2017-09-13,3932.973356692366
2017-09-14,3622.5933006306914
2017-09-15,3409.2242072322615
2017-09-16,3696.3756092437047
2017-09-17,3634.511211689244
2017-09-18,3940.996519916149
2017-09-19,3962.7728291316516
2017-09-20,3937.5857122302164
2017-09-21,3789.237372942016
2017-09-22,3626.1703952011308
2017-09-23,3715.7205643994125
2017-09-24,3695.2878924097267
2017-09-25,3822.1701005025047
2017-09-26,3914.7721097647923
2017-09-27,4037.329766784446
2017-09-28,4188.537876857742
2017-09-29,4144.9113960114055
2017-09-30,4271.69067557536
2017-10-01,4290.65696107785
2017-10-02,4395.775195369032
2017-10-03,4310.175648745532
2017-10-04,4248.14967225055
2017-10-05,4256.913988397398
2017-10-06,4359.940316176475
2017-10-07,4351.582992874115
2017-10-08,4497.997783393514
2017-10-09,4644.426512455513
2017-10-10,4811.997132667621
2017-10-11,4787.976265320845
2017-10-12,5116.922075736328
2017-10-13,5618.319819318966
2017-10-14,5667.187455579261
2017-10-15,5608.6313290689395
2017-10-16,5673.640113798009
2017-10-17,5624.803520227109
2017-10-18,5401.969064898817
2017-10-19,5654.081833568413
2017-10-20,5790.207616361079
2017-10-21,6073.8284856943455
2017-10-22,5910.278997194957
2017-10-23,5867.216531627576
2017-10-24,5659.4633892383035
2017-10-25,5547.894570230612
2017-10-26,5827.555448129863
2017-10-27,5821.23064584812
2017-10-28,5748.5122767857265
2017-10-29,5891.114515418501
2017-10-30,6122.396163610732
2017-10-31,6241.88095774648
2017-11-01,6503.334895104899
2017-11-02,6952.793470383285
2017-11-03,7240.684188153317
2017-11-04,7259.079567375897
2017-11-05,7459.132364672374
2017-11-06,7228.078117154808
2017-11-07,7102.876098748263
2017-11-08,7386.5388865692485
2017-11-09,7244.327472222225
2017-11-10,6960.260097765367
2017-11-11,6554.757221833454
2017-11-12,6113.706762037687
2017-11-13,6347.41558803062
2017-11-14,6590.334569629115
2017-11-15,7047.241583742112
2017-11-16,7462.372382290935
2017-11-17,7827.237773138492
2017-11-18,7696.699403508774
2017-11-19,7827.642262931028
2017-11-20,8090.9143247025995
2017-11-21,8157.685722222237
2017-11-22,8195.136783461823
2017-11-23,8175.226374474055
2017-11-24,8168.268290300076
2017-11-25,8432.241640845068
2017-11-26,8972.624116828929
2017-11-27,9556.814923611137
2017-11-28,9833.134767199466
2017-11-29,10418.194439655172
2017-11-30,9888.908548611136
2017-12-01,10195.169193884652
2017-12-02,10938.340494084892
2017-12-03,11292.52596796657
2017-12-04,11346.535726198766
2017-12-05,11655.62583157897
2017-12-06,12580.533465277795
2017-12-07,14778.207416666659
2017-12-08,15432.868875000007
2017-12-09,14806.800236111114
2017-12-10,14134.664791666688
2017-12-11,16202.50012500004
2017-12-12,16731.40944367175
2017-12-13,16540.327312500034
2017-12-14,16340.604209416717
2017-12-15,17363.83694347521
2017-12-16,18179.23489895468
2017-12-17,19190.340631944408
2017-12-18,18720.01349999997
2017-12-19,18320.996824183414
2017-12-20,16834.521375000026
2017-12-21,16221.424986111117
2017-12-22,13758.08390909089
2017-12-23,14768.55603472223
2017-12-24,13656.086034722228
2017-12-25,13966.213716075152
2017-12-26,15243.615263888882
2017-12-27,15581.444701388853
2017-12-28,14248.632048611133
2017-12-29,14534.974930555547
2017-12-30,13212.859868055571
2017-12-31,13339.22119444444
2018-01-01,13423.99865492957
2018-01-02,13879.358895833342
2018-01-03,14963.699340277786
2018-01-04,14818.780319444424
2018-01-05,15792.452506944403
2018-01-06,16666.922951388857
2018-01-07,16517.014097222225
2018-01-08,15300.74915277776
2018-01-09,14868.201201388889
2018-01-10,14194.688409722214
2018-01-11,13697.191066945616
2018-01-12,13659.293321678326
2018-01-13,14224.945451388912
2018-01-14,13678.444515679474
2018-01-15,13821.277097222206
2018-01-16,12164.619152777768
2018-01-17,10680.231659722216
2018-01-18,11495.746736111108
2018-01-19,11513.536416666664
2018-01-20,12472.565619777157
2018-01-21,11895.169923558034
2018-01-22,11130.24243562978
2018-01-23,10724.692098679652
2018-01-24,11008.973177700362
2018-01-25,11300.669471488201
2018-01-26,11009.798190076872
2018-01-27,11239.03607017546
2018-01-28,11674.02309790208
2018-01-29,11284.097649930272
2018-01-30,10626.317227653642
2018-01-31,9987.00209722223
2018-02-01,9496.480807237327
2018-02-02,8558.503076388899
2018-02-03,8912.266750173985
2018-02-04,8719.93821802936
2018-02-05,7611.722958333325
2018-02-06,6828.462006944439
2018-02-07,7914.230382209863
2018-02-08,8217.03369853453
2018-02-09,8261.507706740798
2018-02-10,8656.682842251548
2018-02-11,8188.345680390795
2018-02-12,8624.981591067695
2018-02-13,8609.500619345868
2018-02-14,9025.976004169588
2018-02-15,9803.039104166684
2018-02-16,10026.023748261483
2018-02-17,10677.811173611124
2018-02-18,10737.358429464915
2018-02-19,10868.267883008371
2018-02-20,11498.271536856757
2018-02-21,10791.702006944444
2018-02-22,10272.012329624486
2018-02-23,10013.17386379431
2018-02-24,9930.699972164264
2018-02-25,9595.517076064218
2018-02-26,9910.981484320584
2018-02-27,10552.921983298547
2018-02-28,10620.142689895503
2018-03-01,10650.593361522222
2018-03-02,10980.763948468008
2018-03-03,11344.347191876752
2018-03-04,11241.922290780161
2018-03-05,11521.001560975597
2018-03-06,11019.909720279715
2018-03-07,10399.438623087646
2018-03-08,9705.391458333352
2018-03-09,8907.90111188324
2018-03-10,9236.932808362362
2018-03-11,9059.408026499315
2018-03-12,9435.382157821236
2018-03-13,9155.85911002105
2018-03-14,8767.755735191635
2018-03-15,8111.283709677437
2018-03-16,8315.620800835663
2018-03-17,8077.16441051136
2018-03-18,7679.207384937239
2018-03-19,8355.327865090401
2018-03-20,8623.222288904393
2018-03-21,8983.151140472886
2018-03-22,8791.889374560795
2018-03-23,8530.117186629528
2018-03-24,8857.140247875363
2018-03-25,8535.33046875
2018-03-26,8206.624111888135
2018-03-27,7965.610793319432
2018-03-28,7916.98763029883
2018-03-29,7518.44505211954
2018-03-30,6888.176854166671
2018-03-31,7005.73117606125
2018-04-01,6796.898767409462
2018-04-02,6977.98203897008
2018-04-03,7325.304333333331
2018-04-04,7077.711673611102
2018-04-05,6758.0727348643
2018-04-06,6649.686111888122
2018-04-07,6892.393269774018
2018-04-08,6988.336893886163
2018-04-09,6891.134498607237
2018-04-10,6779.196400277992
2018-04-11,6879.982216817247
2018-04-12,7336.708215277788
2018-04-13,7992.690451388897
2018-04-14,8010.974696864128
2018-04-15,8215.524102920728
2018-04-16,8080.020305555557
2018-04-17,8036.633618055566
2018-04-18,8057.3129930555615
2018-04-19,8213.242849200858
2018-04-20,8445.635604166675
2018-04-21,8800.278312499991
2018-04-22,8888.369270326635
2018-04-23,8895.61159248956
2018-04-24,9314.519125000023
2018-04-25,9221.040361111107
2018-04-26,8883.210298611131
2018-04-27,9217.02084722222
2018-04-28,9240.572972222244
2018-04-29,9356.185837387102
2018-04-30,9290.616041666668
2018-05-01,8988.595694444466
2018-05-02,9112.690618485069
2018-05-03,9379.656666666657
2018-05-04,9656.508229166666
2018-05-05,9829.251007644223
2018-05-06,9616.153531053746
2018-05-07,9344.100527777799
2018-05-08,9260.790923611114
2018-05-09,9193.189895688482
2018-05-10,9265.751898470111
2018-05-11,8701.556430555573
2018-05-12,8423.343592772799
2018-05-13,8550.435253648395
2018-05-14,8580.233694891553
2018-05-15,8642.09697222224
2018-05-16,8282.693219749664
2018-05-17,8278.002995135541
2018-05-18,8106.670181311033
2018-05-19,8254.670567226904
2018-05-20,8362.030761705118
2018-05-21,8455.133695198358
2018-05-22,8233.2557916667
2018-05-23,7784.575402777791
2018-05-24,7538.526891516037
2018-05-25,7486.642820334291
2018-05-26,7489.51055084749
2018-05-27,7317.015548523212
2018-05-28,7255.461955462789
2018-05-29,7293.893402777787
2018-05-30,7432.491090277765
2018-05-31,7500.117368055571
2018-06-01,7481.294326587604
2018-06-02,7597.415344585106
2018-06-03,7690.914723582953
2018-06-04,7575.770119047636
2018-06-05,7491.749234516372
2018-06-06,7606.474933705539
2018-06-07,7692.623342657363
2018-06-08,7629.4082270497565
2018-06-09,7630.463481694193
2018-06-10,7133.5884433634565
2018-06-11,6760.714718554554
2018-06-12,6754.020848400557
2018-06-13,6443.017722222231
2018-06-14,6502.8068575419165
2018-06-15,6551.018980446916
2018-06-16,6461.3782965075
2018-06-17,6509.124144595555
2018-06-18,6523.233642105261
2018-06-19,6718.1673263158
2018-06-20,6680.250211565586
2018-06-21,6736.816926315792
2018-06-22,6359.186926286503
2018-06-23,6136.014395218003
2018-06-24,6024.437049408502
2018-06-25,6203.440236768817
2018-06-26,6201.924495476686
2018-06-27,6096.042561060735
2018-06-28,6081.872907949803
2018-06-29,5903.817749999997
2018-06-30,6363.628012596222
2018-07-01,6350.3153125000035
2018-07-02,6453.1498888116885
2018-07-03,6596.762625000031
2018-07-04,6571.098907446073
2018-07-05,6581.247724425885
2018-07-06,6541.856096033405
2018-07-07,6574.075090514117
2018-07-08,6739.016120141351
2018-07-09,6705.73146036162
2018-07-10,6480.237635605015
2018-07-11,6354.387743732591
2018-07-12,6219.142004175372
2018-07-13,6236.775603628785
2018-07-14,6235.863357091964
2018-07-15,6318.306958092505
2018-07-16,6521.226309192203
2018-07-17,6877.720881944445
2018-07-18,7402.712555555563
2018-07-19,7390.11466666668
2018-07-20,7420.497642559139
2018-07-21,7346.725110163479
2018-07-22,7448.042405961704
2018-07-23,7679.785597484293
2018-07-24,8071.491902777785
2018-07-25,8253.39627711686
2018-07-26,8196.312067039127
2018-07-27,8021.261315240094
2018-07-28,8179.873742774577
2018-07-29,8202.67012247841
2018-07-30,8133.612545454568
2018-07-31,7914.978093249836
2018-08-01,7569.98511111112
2018-08-02,7590.204027874581
2018-08-03,7394.049603340312
2018-08-04,7247.537126760592
2018-08-05,6995.667803672346
2018-08-06,6988.067776223786
2018-08-07,6986.506615598909
2018-08-08,6444.725208333348
2018-08-09,6394.308685674555
2018-08-10,6394.756190807804
2018-08-11,6184.438010278997
2018-08-12,6305.373572496262
2018-08-13,6345.148011444932
2018-08-14,6055.93001395674
2018-08-15,6369.941725105185
2018-08-16,6345.205167737333
2018-08-17,6466.440156139124
2018-08-18,6443.059386169385
2018-08-19,6401.55032258065
2018-08-20,6443.839019466507
2018-08-21,6399.665961538479
2018-08-22,6578.93065263159
2018-08-23,6433.59128985508
2018-08-24,6552.552062812305
2018-08-25,6714.028663060295
2018-08-26,6670.150040064122
2018-08-27,6713.404940209257
2018-08-28,6988.193763440868
2018-08-29,7049.201741007193
2018-08-30,6926.345320560059
2018-08-31,6979.515892473139
2018-09-01,7111.363489121695
2018-09-02,7240.888478431392
2018-09-03,7260.476835249034
2018-09-04,7322.942907063195
2018-09-05,7112.407442719887
2018-09-06,6421.566614950644
2018-09-07,6443.379818445927
2018-09-08,6349.166590909092
2018-09-09,6296.062012728731
2018-09-10,6287.451192930781
2018-09-11,6289.720114285719
2018-09-12,6267.861665433026
2018-09-13,6441.617818181825
2018-09-14,6500.131865889239
2018-09-15,6520.489901697969
2018-09-16,6482.075232452162
2018-09-17,6387.490205371261
2018-09-18,6297.308249056616
2018-09-19,6336.368052434459
2018-09-20,6412.342884333824
2018-09-21,6659.220299572041
2018-09-22,6705.660693293148
2018-09-23,6707.66345991561
2018-09-24,6634.44664591439
2018-09-25,6412.626680942187
2018-09-26,6462.9968502202755
2018-09-27,6521.875486211904
2018-09-28,6666.001017441856
2018-09-29,6539.869490254876
2018-09-30,6578.272497959184
2018-10-01,6574.212947845811
2018-10-02,6540.448741366064
2018-10-03,6447.402578524469
2018-10-04,6547.158526551972
2018-10-05,6544.634546839298
2018-10-06,6555.9701360000045
2018-10-07,6533.513879928315
2018-10-08,6588.198555643252
2018-10-09,6587.047837626855
2018-10-10,6515.385291411043
2018-10-11,6213.398266475648
2018-10-12,6201.330185328173
2018-10-13,6195.753945278027
2018-10-14,6226.1477507029
2018-10-15,6375.9151515151425
2018-10-16,6437.897811550148
2018-10-17,6438.395173775681
2018-10-18,6425.849136807825
2018-10-19,6385.537317487259
2018-10-20,6397.370693170247
2018-10-21,6434.140662188098
2018-10-22,6404.979250996003
2018-10-23,6395.231764234161
2018-10-24,6425.475460992908
2018-10-25,6400.670389926894
2018-10-26,6401.020234657028
2018-10-27,6406.250125260976
2018-10-28,6402.322401247409
2018-10-29,6325.243846761466
2018-10-30,6264.282793076326
2018-10-31,6277.983404423378
2018-11-01,6311.7777797356775
2018-11-02,6351.691101766193
2018-11-03,6333.090359869144
2018-11-04,6369.779990412267
2018-11-05,6404.265751211624
2018-11-06,6413.3648218347325
2018-11-07,6506.953637759035
2018-11-08,6448.523554868636
2018-11-09,6365.227866666656
2018-11-10,6354.722104818261
2018-11-11,6337.6526840215465
2018-11-12,6350.391491754116
2018-11-13,6289.831622418876
2018-11-14,6006.550893118598
2018-11-15,5494.598483577921
2018-11-16,5530.669472934485
2018-11-17,5485.036563285845
2018-11-18,5534.813653846144
2018-11-19,5200.096306179772
2018-11-20,4529.77100488486
2018-11-21,4447.306943078006
2018-11-22,4467.362536873155
2018-11-23,4248.274685264663
2018-11-24,4197.197704667175
2018-11-25,3757.255000000007
2018-11-26,3851.0382447552442
2018-11-27,3702.9778103207846
2018-11-28,4057.5387753673895
2018-11-29,4225.080133614636
2018-11-30,4074.6647113328613
2018-12-01,4081.937761868878
2018-12-02,4120.631907255049
2018-12-03,3924.323887688984
2018-12-04,3904.757469793894
2018-12-05,3802.4059486447923
2018-12-06,3694.432837741249
2018-12-07,3360.126139860142
2018-12-08,3385.3224120234663
2018-12-09,3471.7676457055186
2018-12-10,3468.063985401453
2018-12-11,3364.6429788783735
2018-12-12,3398.5317851851896
2018-12-13,3360.8255709090936
2018-12-14,3232.93347574221
2018-12-15,3179.2045156250038
2018-12-16,3217.4872804972765
2018-12-17,3338.174115942034
2018-12-18,3508.732186405045
2018-12-19,3748.5802930914233
2018-12-20,3923.647013258892
2018-12-21,3972.444502801114
2018-12-22,3851.8940350877187
2018-12-23,3978.2716945288703
2018-12-24,4126.5087553342755
2018-12-25,3773.3785511363635
2018-12-26,3778.980841799703
2018-12-27,3717.578827734094
2018-12-28,3701.864110871131
2018-12-29,3873.2610930232527
2018-12-30,3788.095271317829
2018-12-31,3756.7848551292022
2019-01-01,3700.7832868852456
2019-01-02,3824.518114068432
2019-01-03,3829.3628526645693
2019-01-04,3784.5404737231665
2019-01-05,3834.328340214701
2019-01-06,3885.516516393446
2019-01-07,4022.5247154471513
2019-01-08,4006.9963870493034
2019-01-09,4010.502662765178
2019-01-10,3792.0852799433055
2019-01-11,3636.7723407301355
2019-01-12,3626.4342096069863
2019-01-13,3575.4893141405587
2019-01-14,3582.7655756207705
2019-01-15,3640.4180061349753
2019-01-16,3603.57346863468
2019-01-17,3603.1708124076818
2019-01-18,3615.1400535577627
2019-01-19,3676.1150244698133
2019-01-20,3600.662990196076
2019-01-21,3535.97602583586
2019-01-22,3552.0646728971906
2019-01-23,3568.968170542642
2019-01-24,3554.440264591436
2019-01-25,3556.520208816708
2019-01-26,3571.8588131313168
2019-01-27,3544.7584372402293
2019-01-28,3437.0490320232875
2019-01-29,3397.945887640453
2019-01-30,3424.110702290076
2019-01-31,3424.3710448859447
2019-02-01,3416.629947761195
2019-02-02,3432.139894651544
2019-02-03,3424.9290073831053
2019-02-04,3414.024439140812
2019-02-05,3419.373164956588
2019-02-06,3371.2589051657715
2019-02-07,3366.210661938537
2019-02-08,3455.8867182890817
2019-02-09,3614.9340060240897
2019-02-10,3607.9288467492224
2019-02-11,3595.222505559672
2019-02-12,3577.927973568282
2019-02-13,3582.0485247148235
2019-02-14,3568.8712414837273
2019-02-15,3570.4683599088894
2019-02-16,3587.7899673469387
2019-02-17,3585.349073170735
2019-02-18,3756.716287128714
2019-02-19,3900.8131949331423
2019-02-20,3911.0203876525447
2019-02-21,3906.5877461706855
2019-02-22,3925.780875748506
2019-02-23,3985.126695790309
2019-02-24,3985.2039884809174
2019-02-25,3793.3185163636413
2019-02-26,3799.620190895742
2019-02-27,3795.054684287817
2019-02-28,3810.5122408759194
2019-03-01,3813.6081495468225
2019-03-02,3805.0277073170787
2019-03-03,3801.1007577092473
2019-03-04,3723.550527488858
2019-03-05,3769.234814534443
2019-03-06,3839.464174980808
2019-03-07,3861.3777745454563
2019-03-08,3872.0247301349273
2019-03-09,3891.321674641144
2019-03-10,3892.723138252747
2019-03-11,3862.935305810395
2019-03-12,3847.332863534677
2019-03-13,3852.977484025564
2019-03-14,3850.2366177606114
2019-03-15,3878.52215536938
2019-03-16,3978.646897069868
2019-03-17,3963.4626086956537
2019-03-18,3969.0030530973413
2019-03-19,3977.0320787746264
2019-03-20,3996.0229506990395
2019-03-21,4005.2460706401707
2019-03-22,3981.7979163554874
2019-03-23,3980.426677067082
2019-03-24,3968.5832194381187
2019-03-25,3949.1781067251545
2019-03-26,3908.2768026706353
2019-03-27,3994.120871428558
2019-03-28,4009.163718411551
2019-03-29,4058.0381218274147
2019-03-30,4083.9465342679123
2019-03-31,4088.4488643790814
2019-04-01,4125.61276978417
2019-04-02,4649.502470341942
2019-04-03,5038.558554551768
2019-04-04,4971.633903966586
2019-04-05,4980.822742616037
2019-04-06,5044.157380607808
2019-04-07,5128.675938173962
2019-04-08,5241.428588399726
2019-04-09,5221.325315126046
2019-04-10,5270.957697740115
2019-04-11,5129.929832985389
2019-04-12,5047.625120226302
2019-04-13,5084.632359386418
2019-04-14,5079.076923076926
2019-04-15,5121.366408602157
2019-04-16,5099.128106169298
2019-04-17,5218.703792613632
2019-04-18,5263.958510638303
2019-04-19,5259.303614718615
2019-04-20,5313.361577402782
2019-04-21,5287.342481751819
2019-04-22,5317.893825838686
2019-04-23,5533.1295508771955
2019-04-24,5487.845385164065
2019-04-25,5422.897686882936
2019-04-26,5149.725794979083
2019-04-27,5165.102223026797
2019-04-28,5169.725366766467
2019-04-29,5154.434383954149
2019-04-30,5199.923757916961
2019-05-01,5303.609169649246
2019-05-02,5361.462391767229
2019-05-03,5618.357134831458
2019-05-04,5694.317343096232
2019-05-05,5721.511142654371
2019-05-06,5656.317295597482
2019-05-07,5863.6222005571035
2019-05-08,5844.081910426869
2019-05-09,6047.357390090717
2019-05-10,6290.680201809323
2019-05-11,6806.909520500352
2019-05-12,7155.679839944321
2019-05-13,7410.074296657393
2019-05-14,7993.158020833342
2019-05-15,8054.80577777778
2019-05-16,7993.675621959703
2019-05-17,7263.197819444444
2019-05-18,7326.55605997211
2019-05-19,7934.449645093955
2019-05-20,7906.786629603898
2019-05-21,7953.01379694019
2019-05-22,7890.870847810981
2019-05-23,7703.489547983316
2019-05-24,7983.823395833333
2019-05-25,8045.257092050195
2019-05-26,8126.474768907553
2019-05-27,8782.527847222222
2019-05-28,8726.058610145932
2019-05-29,8646.49276388888
2019-05-30,8631.68847916668
2019-05-31,8350.288833333312
2019-06-01,8542.051318911364
2019-06-02,8668.060600978348
2019-06-03,8530.975041724618
2019-06-04,7850.039336626668
2019-06-05,7771.930013898531
2019-06-06,7751.1627916666675
2019-06-07,7938.971557719053
2019-06-08,7941.162702893434
2019-06-09,7799.012936619728
2019-06-10,7820.196540616234
2019-06-11,7897.125170731722
2019-06-12,8036.834575208917
2019-06-13,8170.0202779708
2019-06-14,8353.847613082817
2019-06-15,8728.021367759942
2019-06-16,9096.03207783184
2019-06-17,9236.652892906808
2019-06-18,9153.284433634468
2019-06-19,9148.2499791522
2019-06-20,9353.511779013188
2019-06-21,9802.451152777776
2019-06-22,10725.602312500023
2019-06-23,10747.233205841438
2019-06-24,10844.867333333319
2019-06-25,11314.388562500011
2019-06-26,12643.553618055552
2019-06-27,11803.958812500003
2019-06-28,11678.216726893674
2019-06-29,11850.83494093121
2019-06-30,11540.011777777765
2019-07-01,10687.819687499998
2019-07-02,10305.094118055564
2019-07-03,11345.892000000002
2019-07-04,11760.026750000003
2019-07-05,11141.025522284104
2019-07-06,11415.962294736848
2019-07-07,11312.064727272735
2019-07-08,11794.24707724427
2019-07-09,12514.166858929797
2019-07-10,12649.908881944439
2019-07-11,11584.54125000001
2019-07-12,11585.726550764952
2019-07-13,11429.747249825035
2019-07-14,10858.13210195532
2019-07-15,10419.180666666702
2019-07-16,10355.96788742183
2019-07-17,9577.303708333347
2019-07-18,10053.263270833328
2019-07-19,10473.185923344941
2019-07-20,10681.143060796634
2019-07-21,10578.550767045463
2019-07-22,10451.229895324494
2019-07-23,10071.790445372311
2019-07-24,9703.59890668524
2019-07-25,10018.164896602666
2019-07-26,9775.289943542708
2019-07-27,9729.106166902415
2019-07-28,9485.85304727272
2019-07-29,9540.430303030318
2019-07-30,9541.301009110044
2019-07-31,9858.419105520623
2019-08-01,10085.80768318214
2019-08-02,10475.835839160829
2019-08-03,10785.46918091168
2019-08-04,10821.277166900409
2019-08-05,11676.24778318276
2019-08-06,11758.388526754698
2019-08-07,11712.383777777764
2019-08-08,11802.458498957625
2019-08-09,11820.708334494775
2019-08-10,11579.683735795426
2019-08-11,11379.13192944564
2019-08-12,11395.909725738418
2019-08-13,11138.48505563282
2019-08-14,10439.720375782874
2019-08-15,10012.595601111887
2019-08-16,10231.98398051496
2019-08-17,10297.060555951524
2019-08-18,10293.204891304367
2019-08-19,10616.16021739131
2019-08-20,10752.091315974636
2019-08-21,10192.31501747029
2019-08-22,10043.889769553074
2019-08-23,10262.042563380288
2019-08-24,10152.946212889212
2019-08-25,10097.985439238648
2019-08-26,10343.60026001406
2019-08-27,10171.264978783574
2019-08-28,10040.604767277873
2019-08-29,9517.901635220125
2019-08-30,9532.6127080395
2019-08-31,9590.457818590696
2019-09-01,9623.6051039261
2019-09-02,9947.75606382977
2019-09-03,10520.045279720272
2019-09-04,10561.067755960721
2019-09-05,10562.01784090908
2019-09-06,10657.346271067405
2019-09-07,10421.334332103332
2019-09-08,10457.395347432008
2019-09-09,10298.575170940143
2019-09-10,10217.832800859598
2019-09-11,10060.677847025496
2019-09-12,10217.097519434597
2019-09-13,10312.967105075046
2019-09-14,10338.412700841622
2019-09-15,10313.57636572302
2019-09-16,10249.697091295111
2019-09-17,10214.85652945352
2019-09-18,10192.852584745771
2019-09-19,9987.976918239003
2019-09-20,10172.23831056794
2019-09-21,10035.633094534709
2019-09-22,9975.781772997021
2019-09-23,9874.427912860168
2019-09-24,9421.382142358674
2019-09-25,8448.021395833332
2019-09-26,8249.27058577407
2019-09-27,8037.153263598325
2019-09-28,8156.306089790012
2019-09-29,8070.980426784388
2019-09-30,8070.564661076181
2019-10-01,8359.95440501042
2019-10-02,8255.42358831711
2019-10-03,8243.277540294306
2019-10-04,8145.511695621972
2019-10-05,8106.659767932493
2019-10-06,7978.9165853658715
2019-10-07,8039.444611111098
2019-10-08,8208.53052998604
2019-10-09,8337.950493398197
2019-10-10,8559.466785216155
2019-10-11,8397.59130555558
2019-10-12,8332.686212647677
2019-10-13,8357.62252793295
2019-10-14,8306.796164002777
2019-10-15,8262.564996515672
2019-10-16,8063.322694986056
2019-10-17,8031.7073221757455
2019-10-18,7962.06305555555
2019-10-19,7958.622391304333
2019-10-20,8019.1627470217245
2019-10-21,8221.286648122374
2019-10-22,8198.71101045296
2019-10-23,7735.739508315262
2019-10-24,7448.861044568229
2019-10-25,7879.444871438504
2019-10-26,9318.306029207226
2019-10-27,9412.223777932948
2019-10-28,9474.998527777754
2019-10-29,9382.782124999994
2019-10-30,9192.5762960389
2019-10-31,9172.011725817667
2019-11-01,9154.428203508753
2019-11-02,9279.991222067018
2019-11-03,9217.237593772119
2019-11-04,9256.295154277695
2019-11-05,9343.039402362752
2019-11-06,9335.865901408442
2019-11-07,9238.15624472571
2019-11-08,8979.536128113847
2019-11-09,8811.093902627532
2019-11-10,8896.733267090627
2019-11-11,8792.664426345596
2019-11-12,8733.579235624122
2019-11-13,8747.358740377884
2019-11-14,8655.076931659692
2019-11-15,8539.195414634143
2019-11-16,8469.247671620667
2019-11-17,8513.548335714284
2019-11-18,8378.137779329603
2019-11-19,8114.951417651149
2019-11-20,8097.609478442276
2019-11-21,7847.538466898965
2019-11-22,7342.114343293968
2019-11-23,7241.780222996522
2019-11-24,7145.532692847124
2019-11-25,6962.00264583333
2019-11-26,7140.498450312723
2019-11-27,7251.810083449238
2019-11-28,7522.096089074464
2019-11-29,7611.754926829281
2019-11-30,7653.345362731157
2019-12-01,7353.029809859149
2019-12-02,7309.524982480728
2019-12-03,7318.4310824022405
2019-12-04,7276.115539318014
2019-12-05,7327.980285118216
2019-12-06,7404.394382414525
2019-12-07,7532.10026353276
2019-12-08,7495.387379061365
2019-12-09,7460.619754385968
2019-12-10,7300.159686847589
2019-12-11,7210.243534785655
2019-12-12,7171.960988086896
2019-12-13,7226.567960618856
2019-12-14,7163.624653465356
2019-12-15,7089.308538845331
2019-12-16,7032.384144460034
2019-12-17,6789.913400837997
2019-12-18,6770.714243055562
2019-12-19,7147.46544822793
2019-12-20,7150.495325858433
2019-12-21,7148.122654804282
2019-12-22,7227.394106761573
2019-12-23,7503.4340516039
2019-12-24,7296.075943859643
2019-12-25,7210.595794053671
2019-12-26,7220.866718639273
2019-12-27,7191.506624383366
2019-12-28,7298.389811730641
2019-12-29,7345.312554585155
2019-12-30,7297.854109014699
2019-12-31,7198.663852112673
2020-01-01,7195.288172043012
2020-01-02,7072.191812456262
2020-01-03,7217.845443126311
2020-01-04,7321.497052932762
2020-01-05,7429.654082211211
2020-01-06,7533.585927221822
2020-01-07,7929.412230715767
2020-01-08,8235.208525730177
2020-01-09,7898.202884078205
2020-01-10,7887.707341684052
2020-01-11,8112.92943632568
2020-01-12,8111.085443661973
2020-01-13,8102.222749476622
2020-01-14,8574.334854166676
2020-01-15,8743.136027777775
2020-01-16,8673.162995135495
2020-01-17,8852.235104166672
2020-01-18,8890.932202918706
2020-01-19,8846.728456189157
2020-01-20,8644.101507991663
2020-01-21,8645.604819193319
2020-01-22,8665.453755215573
2020-01-23,8435.653351916366
2020-01-24,8383.171906750174
2020-01-25,8320.747695010534
2020-01-26,8429.422056338028
2020-01-27,8722.594557491293
2020-01-28,9041.050729673389
2020-01-29,9330.04275000001
2020-01-30,9369.692439193877
2020-01-31,9341.253909722216
2020-02-01,9371.366536585354
2020-02-02,9375.745448851763
2020-02-03,9329.26867963865
2020-02-04,9202.141208333333
2020-02-05,9401.300271398763
2020-02-06,9687.489340277789
2020-02-07,9775.785979166689
2020-02-08,9812.312080723736
2020-02-09,10079.670180681045
2020-02-10,9920.90227777778
2020-02-11,9956.520090340542
2020-02-12,10342.78187499999
2020-02-13,10284.806888888874
2020-02-14,10260.13227083332
2020-02-15,10143.196673611104
2020-02-16,9903.582215277773
2020-02-17,9718.714847222222
2020-02-18,9845.014822793617
2020-02-19,10098.332105628897
2020-02-20,9581.628520833327
2020-02-21,9688.954266851977
2020-02-22,9659.603749128908
2020-02-23,9869.25360724234
2020-02-24,9734.386838082011
2020-02-25,9489.186157053522
2020-02-26,9032.84789583332
2020-02-27,8795.39149305555
2020-02-28,8697.951965277776
2020-02-29,8685.829805285115
2020-03-01,8557.230550906565
2020-03-02,8746.59254166666
2020-03-03,8790.05220291869
2020-03-04,8760.307199444065
2020-03-05,9019.141243919392
2020-03-06,9097.39799861014
2020-03-07,9053.27098463687
2020-03-08,8569.273723034103
2020-03-09,7881.4305694444365
2020-03-10,7947.440965948572
2020-03-11,7849.286750173964
2020-03-12,6666.839097222216
2020-03-13,5295.343312500004
2020-03-14,5410.532079276772
2020-03-15,5300.877798427456
2020-03-16,4985.268060224091
2020-03-17,5313.512569832397
2020-03-18,5285.533815881939
2020-03-19,5765.065430183361
2020-03-20,6361.588539482874
2020-03-21,6168.912304379038
2020-03-22,6131.777963369959
2020-03-23,6105.651800418696
2020-03-24,6652.867949790785
2020-03-25,6661.981901114193
2020-03-26,6671.632801120445
2020-03-27,6691.688261173169
2020-03-28,6227.585605006945
2020-03-29,6104.261531339036
2020-03-30,6273.833572923934
2020-03-31,6451.2255610444645
2020-04-01,6308.240070323484
2020-04-02,6724.2111929824605
2020-04-03,6814.5908457711475
2020-04-04,6772.77602373885
2020-04-05,6796.209565217396
2020-04-06,7091.76361403509
2020-04-07,7317.996461107212
2020-04-08,7302.414809859152
2020-04-09,7304.862432239646
2020-04-10,6972.926268656723
2020-04-11,6870.780510732791
2020-04-12,6953.704559270512
2020-04-13,6751.776274647892
2020-04-14,6884.55678242381
2020-04-15,6798.842293777127
2020-04-16,6914.345923566886
2020-04-17,7072.234602150543
2020-04-18,7154.1826300148705
2020-04-19,7167.088856502255
2020-04-20,7050.542267235258
2020-04-21,6867.164540889542
2020-04-22,7006.080787518571
2020-04-23,7303.831104565534
2020-04-24,7521.5871531791945
2020-04-25,7544.462351351353
2020-04-26,7603.189962742177
2020-04-27,7715.57923988842
2020-04-28,7730.907920168073
2020-04-29,8245.85659707725
2020-04-30,8894.666194444444
2020-05-01,8784.424566433556
2020-05-02,8873.43117897727
2020-05-03,8979.54593137255
2020-05-04,8772.431708333328
2020-05-05,8930.785366364262
2020-05-06,9163.711513665032
2020-05-07,9492.229860041973
2020-05-08,9925.151001390825
2020-05-09,9727.396395267917
2020-05-10,8687.38860319668
2020-05-11,8706.98018093251
2020-05-12,8774.025598052847
2020-05-13,9045.67518466898
2020-05-14,9577.056877607803
2020-05-15,9524.00060500696
2020-05-16,9403.158515130182
2020-05-17,9626.253084577107
2020-05-18,9721.706638830894
2020-05-19,9670.068345021034
2020-05-20,9670.769164897396
2020-05-21,9279.548165969321
2020-05-22,9124.488633144467
2020-05-23,9205.245300146427
2020-05-24,9118.634989010976
2020-05-25,8818.780573426575
2020-05-26,8859.118005617967
2020-05-27,9029.616404255317
2020-05-28,9320.896996491238
2020-05-29,9453.941935256868
2020-05-30,9506.69908575479
2020-05-31,9546.017569099939
2020-06-01,9584.502119298237
2020-06-02,9880.33050174216
2020-06-03,9551.585229034545
2020-06-04,9700.192807391599
2020-06-05,9742.012951167724
2020-06-06,9636.57312453941
2020-06-07,9618.092773294185
2020-06-08,9725.02844332855
2020-06-09,9712.420035335675
2020-06-10,9788.108984149841
2020-06-11,9640.021901060065
2020-06-12,9411.328173483795
2020-06-13,9426.589067919092
2020-06-14,9402.798630643947
2020-06-15,9244.40258560447
2020-06-16,9493.354269503552
2020-06-17,9442.563002812938
2020-06-18,9406.275592151358
2020-06-19,9326.540507042251
2020-06-20,9301.250368532954
2020-06-21,9348.383922734043
2020-06-22,9482.237236467232
2020-06-23,9638.329163688337
2020-06-24,9437.052444918267
2020-06-25,9231.626511954972
2020-06-26,9180.755272084807
2020-06-27,9106.160720461081
2020-06-28,9056.16267636364
2020-06-29,9115.890969568312
2020-06-30,9150.707819225265
2020-07-01,9191.803134751768
2020-07-02,9166.009570508231
2020-07-03,9093.724278273809
2020-07-04,9091.554398467411
2020-07-05,9061.847540478031
2020-07-06,9215.8534801762
2020-07-07,9268.74553701015
2020-07-08,9346.527185929648
2020-07-09,9327.35558224163
2020-07-10,9200.158515850153
2020-07-11,9238.55031538462
2020-07-12,9249.055656250017
2020-07-13,9278.217359591536
2020-07-14,9219.730954738332
2020-07-15,9221.22888809181
2020-07-16,9130.464550682957
2020-07-17,9134.617539797408
2020-07-18,9161.885022900758
2020-07-19,9154.371890432109
2020-07-20,9177.360763081415
2020-07-21,9308.567601135539
2020-07-22,9365.971062138718
2020-07-23,9540.928651292803
2020-07-24,9557.087779329604
2020-07-25,9619.196406140978
2020-07-26,9834.355626312103
2020-07-27,10436.06446764091
2020-07-28,10985.538673611116
2020-07-29,11096.17937282228
2020-07-30,11033.428662020886
2020-07-31,11196.249071229051
2020-08-01,11610.395132681555
2020-08-02,11333.592989547036
2020-08-03,11254.857182901176
2020-08-04,11242.87855749128
2020-08-05,11464.595898328693
2020-08-06,11755.257277777779
2020-08-07,11716.125097629008
2020-08-08,11684.881409537178
2020-08-09,11671.583347427753
2020-08-10,11898.78271716468
2020-08-11,11631.866736256077
2020-08-12,11462.426594857554
2020-08-13,11550.403983228507
2020-08-14,11754.636448467965
2020-08-15,11876.534498607245
2020-08-16,11850.25656643358
2020-08-17,12055.46669225401
2020-08-18,12163.661834607357
2020-08-19,11796.84886805557
2020-08-20,11798.23544374564
2020-08-21,11743.623474635155
2020-08-22,11559.084627808996
2020-08-23,11622.65847085539
2020-08-24,11733.039943820204
2020-08-25,11506.000786516865
2020-08-26,11404.290539513675
2020-08-27,11345.064724738664
2020-08-28,11441.888355493338
2020-08-29,11506.589463276861
2020-08-30,11608.231633663347
2020-08-31,11684.012938718666
2020-09-01,11873.888121085582
2020-09-02,11576.04822546972
2020-09-03,11038.64232800556
2020-09-04,10391.216729166674
2020-09-05,10268.025478873256
2020-09-06,10201.039929478135
2020-09-07,10159.210735809393
2020-09-08,10146.406606018194
2020-09-09,10187.375799023026
2020-09-10,10338.76086350976
2020-09-11,10302.451926029304
2020-09-12,10372.583251748245
2020-09-13,10392.960134275627
2020-09-14,10510.768186889833
2020-09-15,10773.396181818187
2020-09-16,10894.449581297968
2020-09-17,10892.091519163758
2020-09-18,10924.656466060174
2020-09-19,11013.023342816508
2020-09-20,10914.758516949152
2020-09-21,10676.138519805414
2020-09-22,10467.334437412084
2020-09-23,10428.706035901292
2020-09-24,10446.899131693215
2020-09-25,10670.77799016164
2020-09-26,10715.774389891683
2020-09-27,10717.201537335284
2020-09-28,10878.164911410353
2020-09-29,10729.145419901204
2020-09-30,10740.824488795506
2020-10-01,10755.182114445222
2020-10-02,10528.248630328457
2020-10-03,10549.44989391797
2020-10-04,10604.42527797832
2020-10-05,10704.898215297455
2020-10-06,10698.692988668576
2020-10-07,10620.617205574918
2020-10-08,10733.89141858839
2020-10-09,10982.801467696612
2020-10-10,11333.892888725115
2020-10-11,11360.050205882337
2020-10-12,11446.934834156678
2020-10-13,11449.585588442573
2020-10-14,11404.985887384146
2020-10-15,11414.413592982448
2020-10-16,11364.46289013295
2020-10-17,11343.264118518535
2020-10-18,11424.888072916654
2020-10-19,11586.799648866132
2020-10-20,11845.171932536896
2020-10-21,12458.802237665037
2020-10-22,12932.71953942778
2020-10-23,12932.833653576434
2020-10-24,13030.23678726483
2020-10-25,13055.428779971808
2020-10-26,13066.990840395489
2020-10-27,13367.666626506016
2020-10-28,13444.672013888903
2020-10-29,13330.552682418345
2020-10-30,13435.480243562974
2020-10-31,13737.683134642371
2020-11-01,13768.738705966949
2020-11-02,13596.537588850179
2020-11-03,13612.539318023648
2020-11-04,13899.351540069692
2020-11-05,14730.297819444442
2020-11-06,15583.427131944436
2020-11-07,15342.686102889347
2020-11-08,15201.971692524667
2020-11-09,15382.007395833327
2020-11-10,15326.58733842944
2020-11-11,15593.253090277782
2020-11-12,15928.370555555559
2020-11-13,16291.368457261991
2020-11-14,16029.3334289713
2020-11-15,15995.945667844524
2020-11-16,16372.568790826967
2020-11-17,17083.98220986796
2020-11-18,17885.349777777792
2020-11-19,17843.96600000001
2020-11-20,18336.945409722244
2020-11-21,18712.128493055585
2020-11-22,18431.881756944436
2020-11-23,18448.214284722242
2020-11-24,18862.4248472222
2020-11-25,19056.251527777753
2020-11-26,17391.516604166645
2020-11-27,16988.058152777754
2020-11-28,17312.37018055556
2020-11-29,17990.93605702361
2020-11-30,18913.976073662263
2020-12-01,19266.271888888892
2020-12-02,18953.72780555558
2020-12-03,19283.06943750003
2020-12-04,19122.892763888904
2020-12-05,18997.243138888847
2020-12-06,19144.422903225764
2020-12-07,19199.308979166675
2020-12-08,18942.53320833334
2020-12-09,18266.17218055557
2020-12-10,18303.671062500016
2020-12-11,17937.385948575393
2020-12-12,18471.467670375543
2020-12-13,19113.178026407244
2020-12-14,19161.38358831709
2020-12-15,19352.301965277773
2020-12-16,20078.06315972224
2020-12-17,22617.5111111111
2020-12-18,22885.101944444446
2020-12-19,23361.202090277777
2020-12-20,23594.83178969362
2020-12-21,23260.266847222225
2020-12-22,23097.916520833314
2020-12-23,23530.751131944446
2020-12-24,23218.052104166673
2020-12-25,24016.314722222218
2020-12-26,25268.430278357737
2020-12-27,27046.212923611096
2020-12-28,26965.146805555556
2020-12-29,26670.904930555553
2020-12-30,28142.40578472227
2020-12-31,28882.010652777797
2021-01-01,29289.323145833292
2021-01-02,30759.932166666713
2021-01-03,33468.16299999995
2021-01-04,31856.172236111113
2021-01-05,32274.5510416666
2021-01-06,34907.6035763889
2021-01-07,38071.505881944424
2021-01-08,39811.63969444446
2021-01-09,40399.01112500006
2021-01-10,39730.883840277806
2021-01-11,34280.3600833333
2021-01-12,34842.902916666666
2021-01-13,34676.476208333355
2021-01-14,38511.56284027777
2021-01-15,37473.23557638887
2021-01-16,36845.4453300904
2021-01-17,35653.86896383862
2021-01-18,36048.778734353284
2021-01-19,36860.6980208333
2021-01-20,35155.446069444464
2021-01-21,32953.418472222176
2021-01-22,31861.926618055564
2021-01-23,32354.317466945005
2021-01-24,32225.486934919532
2021-01-25,33351.57297916666
2021-01-26,31997.177534722196
2021-01-27,31147.482923611118
2021-01-28,31793.18845138885
2021-01-29,35054.10393749995
2021-01-30,34054.74850694446
2021-01-31,33450.59855849584
2021-02-01,33706.71983333338
2021-02-02,34713.210215277795
2021-02-03,36572.603305555516
2021-02-04,37541.27581944446
2021-02-05,37631.477830319884
2021-02-06,39815.10127866575
2021-02-07,38713.952773519166
2021-02-08,41199.29621001397
2021-02-09,46685.85413888886
2021-02-10,45801.33204166663
2021-02-11,46275.11795833333
2021-02-12,47605.61129861115
2021-02-13,47276.64517720639
2021-02-14,48602.30997907955
2021-02-15,47863.91436414174
2021-02-16,48847.63237500002
2021-02-17,50915.20470833327
2021-02-18,51896.393333333224
2021-02-19,53087.159951388916
2021-02-20,56273.79876388888
2021-02-21,57043.417901320434
2021-02-22,54711.72528472231
2021-02-23,48970.210826388895
2021-02-24,49801.36047222218
2021-02-25,49988.0001737318
2021-02-26,46661.63153472222
2021-02-27,47134.12977003483
2021-02-28,44822.68223226697
2021-03-01,47644.668373870685
2021-03-02,48621.249861111086
2021-03-03,50432.27509040337
2021-03-04,49402.11033333333
2021-03-05,47719.097583333365
2021-03-06,48374.38154006971
2021-03-07,50219.68369930068
2021-03-08,50799.47248088959
2021-03-09,53981.034812500046
2021-03-10,55377.40217663424
2021-03-11,56273.48009728992
2021-03-12,56828.65870833342
2021-03-13,58807.04781032072
2021-03-14,60458.88889198606
2021-03-15,57512.06299721835
2021-03-16,55343.69708333334
2021-03-17,56161.32444753301
2021-03-18,58475.45890820588
2021-03-19,58286.613419040914
2021-03-20,58783.868242677854
2021-03-21,57316.312566063876
2021-03-22,56789.432468706545
2021-03-23,54706.29185416655
2021-03-24,55126.80946191476
2021-03-25,52125.75925642804
2021-03-26,53243.12445448231
2021-03-27,55195.41536687633
2021-03-28,55835.01286312855
2021-03-29,56915.629993036244
2021-03-30,58349.35708710802
2021-03-31,58778.18
